href,name,short
https://rulaws.ru/tk/CHAST-PERVAYA/Razdel-I/,Раздел I. ОБЩИЕ ПОЛОЖЕНИЯ,
https://rulaws.ru/tk/CHAST-PERVAYA/Razdel-I/Glava-1/Statya-1/,Статья 1. Цели и задачи трудового законодательства,ст. 1 ТК РФ
https://rulaws.ru/tk/CHAST-PERVAYA/Razdel-I/Glava-1/Statya-2/,Статья 2. Основные принципы правового регулирования трудовых отношений и иных непосредственно связанных с ними отношений,ст. 2 ТК РФ
https://rulaws.ru/tk/CHAST-PERVAYA/Razdel-I/Glava-1/Statya-3/,Статья 3. Запрещение дискриминации в сфере труда,ст. 3 ТК РФ
https://rulaws.ru/tk/CHAST-PERVAYA/Razdel-I/Glava-1/Statya-4/,Статья 4. Запрещение принудительного труда,ст. 4 ТК РФ
https://rulaws.ru/tk/CHAST-PERVAYA/Razdel-I/Glava-1/Statya-5/,"Статья 5. Трудовое законодательство и иные акты, содержащие нормы трудового права",ст. 5 ТК РФ
https://rulaws.ru/tk/CHAST-PERVAYA/Razdel-I/Glava-1/Statya-6/,Статья 6. Разграничение полномочий между федеральными органами государственной власти и органами государственной власти субъектов Российской Федерации в сфере трудовых отношений и иных непосредственно связанных с ними отношений,ст. 6 ТК РФ
https://rulaws.ru/tk/CHAST-PERVAYA/Razdel-I/Glava-1/Statya-7/,Статья 7. Утратила силу. - Федеральный закон от 30.06.2006 N 90-ФЗ.,ст. 7 ТК РФ
https://rulaws.ru/tk/CHAST-PERVAYA/Razdel-I/Glava-1/Statya-8/,"Статья 8. Локальные нормативные акты, содержащие нормы трудового права",ст. 8 ТК РФ
https://rulaws.ru/tk/CHAST-PERVAYA/Razdel-I/Glava-1/Statya-9/,Статья 9. Регулирование трудовых отношений и иных непосредственно связанных с ними отношений в договорном порядке,ст. 9 ТК РФ
https://rulaws.ru/tk/CHAST-PERVAYA/Razdel-I/Glava-1/Statya-10/,"Статья 10. Трудовое законодательство, иные акты, содержащие нормы трудового права, и нормы международного права",ст. 10 ТК РФ
https://rulaws.ru/tk/CHAST-PERVAYA/Razdel-I/Glava-1/Statya-11/,"Статья 11. Действие трудового законодательства и иных актов, содержащих нормы трудового права",ст. 11 ТК РФ
https://rulaws.ru/tk/CHAST-PERVAYA/Razdel-I/Glava-1/Statya-12/,"Статья 12. Действие трудового законодательства и иных актов, содержащих нормы трудового права, во времени",ст. 12 ТК РФ
https://rulaws.ru/tk/CHAST-PERVAYA/Razdel-I/Glava-1/Statya-13/,"Статья 13. Действие трудового законодательства и иных актов, содержащих нормы трудового права, в пространстве",ст. 13 ТК РФ
https://rulaws.ru/tk/CHAST-PERVAYA/Razdel-I/Glava-1/Statya-14/,Статья 14. Исчисление сроков,ст. 14 ТК РФ
https://rulaws.ru/tk/CHAST-PERVAYA/Razdel-I/Glava-2/Statya-15/,Статья 15. Трудовые отношения,ст. 15 ТК РФ
https://rulaws.ru/tk/CHAST-PERVAYA/Razdel-I/Glava-2/Statya-16/,Статья 16. Основания возникновения трудовых отношений,ст. 16 ТК РФ
https://rulaws.ru/tk/CHAST-PERVAYA/Razdel-I/Glava-2/Statya-17/,"Статья 17. Трудовые отношения, возникающие на основании трудового договора в результате избрания на должность",ст. 17 ТК РФ
https://rulaws.ru/tk/CHAST-PERVAYA/Razdel-I/Glava-2/Statya-18/,"Статья 18. Трудовые отношения, возникающие на основании трудового договора в результате избрания по конкурсу",ст. 18 ТК РФ
https://rulaws.ru/tk/CHAST-PERVAYA/Razdel-I/Glava-2/Statya-19/,"Статья 19. Трудовые отношения, возникающие на основании трудового договора в результате назначения на должность или утверждения в должности",ст. 19 ТК РФ
https://rulaws.ru/tk/CHAST-PERVAYA/Razdel-I/Glava-2/Statya-19.1/,"Статья 19.1. Трудовые отношения, возникающие на основании трудового договора в результате признания отношений, связанных с использованием личного труда и возникших на основании гражданско-правового договора, трудовыми отношениями",ст. 19.1 ТК РФ
https://rulaws.ru/tk/CHAST-PERVAYA/Razdel-I/Glava-2/Statya-20/,Статья 20. Стороны трудовых отношений,ст. 20 ТК РФ
https://rulaws.ru/tk/CHAST-PERVAYA/Razdel-I/Glava-2/Statya-21/,Статья 21. Основные права и обязанности работника,ст. 21 ТК РФ
https://rulaws.ru/tk/CHAST-PERVAYA/Razdel-I/Glava-2/Statya-22/,Статья 22. Основные права и обязанности работодателя,ст. 22 ТК РФ
https://rulaws.ru/tk/CHAST-PERVAYA/Razdel-I/Glava-2/Statya-22.1/,Статья 22.1. Электронный документооборот в сфере трудовых отношений,ст. 22.1 ТК РФ
https://rulaws.ru/tk/CHAST-PERVAYA/Razdel-I/Glava-2/Statya-22.2/,"Статья 22.2. Порядок введения электронного документооборота и приема на работу к работодателю, использующему электронный документооборот",ст. 22.2 ТК РФ
https://rulaws.ru/tk/CHAST-PERVAYA/Razdel-I/Glava-2/Statya-22.3/,Статья 22.3. Взаимодействие работодателя и работника посредством электронного документооборота,ст. 22.3 ТК РФ
https://rulaws.ru/tk/CHAST-VTORAYA/Razdel-II/,Раздел II. СОЦИАЛЬНОЕ ПАРТНЕРСТВО В СФЕРЕ ТРУДА,
https://rulaws.ru/tk/CHAST-VTORAYA/Razdel-II/Glava-3/Statya-23/,Статья 23. Понятие социального партнерства в сфере труда,ст. 23 ТК РФ
https://rulaws.ru/tk/CHAST-VTORAYA/Razdel-II/Glava-3/Statya-24/,Статья 24. Основные принципы социального партнерства,ст. 24 ТК РФ
https://rulaws.ru/tk/CHAST-VTORAYA/Razdel-II/Glava-3/Statya-25/,Статья 25. Стороны социального партнерства,ст. 25 ТК РФ
https://rulaws.ru/tk/CHAST-VTORAYA/Razdel-II/Glava-3/Statya-26/,Статья 26. Уровни социального партнерства,ст. 26 ТК РФ
https://rulaws.ru/tk/CHAST-VTORAYA/Razdel-II/Glava-3/Statya-27/,Статья 27. Формы социального партнерства,ст. 27 ТК РФ
https://rulaws.ru/tk/CHAST-VTORAYA/Razdel-II/Glava-3/Statya-28/,Статья 28. Особенности применения норм настоящего раздела,ст. 28 ТК РФ
https://rulaws.ru/tk/CHAST-VTORAYA/Razdel-II/Glava-4/Statya-29/,Статья 29. Представители работников,ст. 29 ТК РФ
https://rulaws.ru/tk/CHAST-VTORAYA/Razdel-II/Glava-4/Statya-30/,Статья 30. Представление интересов работников первичными профсоюзными организациями,ст. 30 ТК РФ
https://rulaws.ru/tk/CHAST-VTORAYA/Razdel-II/Glava-4/Statya-31/,Статья 31. Иные представители работников,ст. 31 ТК РФ
https://rulaws.ru/tk/CHAST-VTORAYA/Razdel-II/Glava-4/Statya-32/,"Статья 32. Обязанности работодателя по созданию условий, обеспечивающих деятельность представителей работников",ст. 32 ТК РФ
https://rulaws.ru/tk/CHAST-VTORAYA/Razdel-II/Glava-4/Statya-33/,Статья 33. Представители работодателей,ст. 33 ТК РФ
https://rulaws.ru/tk/CHAST-VTORAYA/Razdel-II/Glava-4/Statya-34/,Статья 34. Иные представители работодателей,ст. 34 ТК РФ
https://rulaws.ru/tk/CHAST-VTORAYA/Razdel-II/Glava-5/Statya-35/,Статья 35. Комиссии по регулированию социально-трудовых отношений,ст. 35 ТК РФ
https://rulaws.ru/tk/CHAST-VTORAYA/Razdel-II/Glava-5/Statya-35.1/,Статья 35.1. Участие органов социального партнерства в формировании и реализации государственной политики в сфере труда,ст. 35.1 ТК РФ
https://rulaws.ru/tk/CHAST-VTORAYA/Razdel-II/Glava-6/Statya-36/,Статья 36. Ведение коллективных переговоров,ст. 36 ТК РФ
https://rulaws.ru/tk/CHAST-VTORAYA/Razdel-II/Glava-6/Statya-37/,Статья 37. Порядок ведения коллективных переговоров,ст. 37 ТК РФ
https://rulaws.ru/tk/CHAST-VTORAYA/Razdel-II/Glava-6/Statya-38/,Статья 38. Урегулирование разногласий,ст. 38 ТК РФ
https://rulaws.ru/tk/CHAST-VTORAYA/Razdel-II/Glava-6/Statya-39/,"Статья 39. Гарантии и компенсации лицам, участвующим в коллективных переговорах",ст. 39 ТК РФ
https://rulaws.ru/tk/CHAST-VTORAYA/Razdel-II/Glava-7/Statya-40/,Статья 40. Коллективный договор,ст. 40 ТК РФ
https://rulaws.ru/tk/CHAST-VTORAYA/Razdel-II/Glava-7/Statya-41/,Статья 41. Содержание и структура коллективного договора,ст. 41 ТК РФ
https://rulaws.ru/tk/CHAST-VTORAYA/Razdel-II/Glava-7/Statya-42/,Статья 42. Порядок разработки проекта коллективного договора и заключения коллективного договора,ст. 42 ТК РФ
https://rulaws.ru/tk/CHAST-VTORAYA/Razdel-II/Glava-7/Statya-43/,Статья 43. Действие коллективного договора,ст. 43 ТК РФ
https://rulaws.ru/tk/CHAST-VTORAYA/Razdel-II/Glava-7/Statya-44/,Статья 44. Изменение и дополнение коллективного договора,ст. 44 ТК РФ
https://rulaws.ru/tk/CHAST-VTORAYA/Razdel-II/Glava-7/Statya-45/,Статья 45. Соглашение. Виды соглашений,ст. 45 ТК РФ
https://rulaws.ru/tk/CHAST-VTORAYA/Razdel-II/Glava-7/Statya-46/,Статья 46. Содержание и структура соглашения,ст. 46 ТК РФ
https://rulaws.ru/tk/CHAST-VTORAYA/Razdel-II/Glava-7/Statya-47/,Статья 47. Порядок разработки проекта соглашения и заключения соглашения,ст. 47 ТК РФ
https://rulaws.ru/tk/CHAST-VTORAYA/Razdel-II/Glava-7/Statya-48/,Статья 48. Действие соглашения,ст. 48 ТК РФ
https://rulaws.ru/tk/CHAST-VTORAYA/Razdel-II/Glava-7/Statya-49/,Статья 49. Изменение и дополнение соглашения,ст. 49 ТК РФ
https://rulaws.ru/tk/CHAST-VTORAYA/Razdel-II/Glava-7/Statya-50/,"Статья 50. Регистрация коллективного договора, соглашения",ст. 50 ТК РФ
https://rulaws.ru/tk/CHAST-VTORAYA/Razdel-II/Glava-7/Statya-51/,"Статья 51. Контроль за выполнением коллективного договора, соглашения",ст. 51 ТК РФ
https://rulaws.ru/tk/CHAST-VTORAYA/Razdel-II/Glava-8/Statya-52/,Статья 52. Право работников на участие в управлении организацией,ст. 52 ТК РФ
https://rulaws.ru/tk/CHAST-VTORAYA/Razdel-II/Glava-8/Statya-53/,Статья 53. Основные формы участия работников в управлении организацией,ст. 53 ТК РФ
https://rulaws.ru/tk/CHAST-VTORAYA/Razdel-II/Glava-8/Statya-53.1/,Статья 53.1. Участие представителей работников в заседаниях коллегиального органа управления организации с правом совещательного голоса,ст. 53.1 ТК РФ
https://rulaws.ru/tk/CHAST-VTORAYA/Razdel-II/Glava-9/Statya-54/,"Статья 54. Ответственность за уклонение от участия в коллективных переговорах, непредоставление информации, необходимой для ведения коллективных переговоров и осуществления контроля за соблюдением коллективного договора, соглашения",ст. 54 ТК РФ
https://rulaws.ru/tk/CHAST-VTORAYA/Razdel-II/Glava-9/Statya-55/,"Статья 55. Ответственность за нарушение или невыполнение коллективного договора, соглашения",ст. 55 ТК РФ
https://rulaws.ru/tk/CHAST-TRETYA/Razdel-III/,Раздел III. ТРУДОВОЙ ДОГОВОР,
https://rulaws.ru/tk/CHAST-TRETYA/Razdel-III/Glava-10/Statya-56/,Статья 56. Понятие трудового договора. Стороны трудового договора,ст. 56 ТК РФ
https://rulaws.ru/tk/CHAST-TRETYA/Razdel-III/Glava-10/Statya-56.1/,Статья 56.1. Запрещение заемного труда,ст. 56.1 ТК РФ
https://rulaws.ru/tk/CHAST-TRETYA/Razdel-III/Glava-10/Statya-57/,Статья 57. Содержание трудового договора,ст. 57 ТК РФ
https://rulaws.ru/tk/CHAST-TRETYA/Razdel-III/Glava-10/Statya-58/,Статья 58. Срок трудового договора,ст. 58 ТК РФ
https://rulaws.ru/tk/CHAST-TRETYA/Razdel-III/Glava-10/Statya-59/,Статья 59. Срочный трудовой договор,ст. 59 ТК РФ
https://rulaws.ru/tk/CHAST-TRETYA/Razdel-III/Glava-10/Statya-60/,"Статья 60. Запрещение требовать выполнения работы, не обусловленной трудовым договором",ст. 60 ТК РФ
https://rulaws.ru/tk/CHAST-TRETYA/Razdel-III/Glava-10/Statya-60.1/,Статья 60.1. Работа по совместительству,ст. 60.1 ТК РФ
https://rulaws.ru/tk/CHAST-TRETYA/Razdel-III/Glava-10/Statya-60.2/,"Статья 60.2. Совмещение профессий (должностей). Расширение зон обслуживания, увеличение объема работы. Исполнение обязанностей временно отсутствующего работника без освобождения от работы, определенной трудовым договором",ст. 60.2 ТК РФ
https://rulaws.ru/tk/CHAST-TRETYA/Razdel-III/Glava-10/Statya-61/,Статья 61. Вступление трудового договора в силу,ст. 61 ТК РФ
https://rulaws.ru/tk/CHAST-TRETYA/Razdel-III/Glava-10/Statya-62/,"Статья 62. Выдача документов, связанных с работой, и их копий",ст. 62 ТК РФ
https://rulaws.ru/tk/CHAST-TRETYA/Razdel-III/Glava-11/Statya-63/,"Статья 63. Возраст, с которого допускается заключение трудового договора",ст. 63 ТК РФ
https://rulaws.ru/tk/CHAST-TRETYA/Razdel-III/Glava-11/Statya-64/,Статья 64. Гарантии при заключении трудового договора,ст. 64 ТК РФ
https://rulaws.ru/tk/CHAST-TRETYA/Razdel-III/Glava-11/Statya-64.1/,Статья 64.1. Условия заключения трудового договора с бывшими государственными и муниципальными служащими,ст. 64.1 ТК РФ
https://rulaws.ru/tk/CHAST-TRETYA/Razdel-III/Glava-11/Statya-65/,"Статья 65. Документы, предъявляемые при заключении трудового договора",ст. 65 ТК РФ
https://rulaws.ru/tk/CHAST-TRETYA/Razdel-III/Glava-11/Statya-66/,Статья 66. Трудовая книжка,ст. 66 ТК РФ
https://rulaws.ru/tk/CHAST-TRETYA/Razdel-III/Glava-11/Statya-66.1/,Статья 66.1. Сведения о трудовой деятельности,ст. 66.1 ТК РФ
https://rulaws.ru/tk/CHAST-TRETYA/Razdel-III/Glava-11/Statya-67/,Статья 67. Форма трудового договора,ст. 67 ТК РФ
https://rulaws.ru/tk/CHAST-TRETYA/Razdel-III/Glava-11/Statya-67.1/,Статья 67.1. Последствия фактического допущения к работе не уполномоченным на это лицом,ст. 67.1 ТК РФ
https://rulaws.ru/tk/CHAST-TRETYA/Razdel-III/Glava-11/Statya-68/,Статья 68. Оформление приема на работу,ст. 68 ТК РФ
https://rulaws.ru/tk/CHAST-TRETYA/Razdel-III/Glava-11/Statya-69/,Статья 69. Медицинский осмотр при заключении трудового договора,ст. 69 ТК РФ
https://rulaws.ru/tk/CHAST-TRETYA/Razdel-III/Glava-11/Statya-70/,Статья 70. Испытание при приеме на работу,ст. 70 ТК РФ
https://rulaws.ru/tk/CHAST-TRETYA/Razdel-III/Glava-11/Statya-71/,Статья 71. Результат испытания при приеме на работу,ст. 71 ТК РФ
https://rulaws.ru/tk/CHAST-TRETYA/Razdel-III/Glava-12/Statya-72/,Статья 72. Изменение определенных сторонами условий трудового договора,ст. 72 ТК РФ
https://rulaws.ru/tk/CHAST-TRETYA/Razdel-III/Glava-12/Statya-72.1/,Статья 72.1. Перевод на другую работу. Перемещение,ст. 72.1 ТК РФ
https://rulaws.ru/tk/CHAST-TRETYA/Razdel-III/Glava-12/Statya-72.2/,Статья 72.2. Временный перевод на другую работу,ст. 72.2 ТК РФ
https://rulaws.ru/tk/CHAST-TRETYA/Razdel-III/Glava-12/Statya-73/,Статья 73. Перевод работника на другую работу в соответствии с медицинским заключением,ст. 73 ТК РФ
https://rulaws.ru/tk/CHAST-TRETYA/Razdel-III/Glava-12/Statya-74/,"Статья 74. Изменение определенных сторонами условий трудового договора по причинам, связанным с изменением организационных или технологических условий труда",ст. 74 ТК РФ
https://rulaws.ru/tk/CHAST-TRETYA/Razdel-III/Glava-12/Statya-75/,"Статья 75. Трудовые отношения при смене собственника имущества организации, изменении подведомственности организации, ее реорганизации, изменении типа государственного или муниципального учреждения",ст. 75 ТК РФ
https://rulaws.ru/tk/CHAST-TRETYA/Razdel-III/Glava-12/Statya-76/,Статья 76. Отстранение от работы,ст. 76 ТК РФ
https://rulaws.ru/tk/CHAST-TRETYA/Razdel-III/Glava-13/Statya-77/,Статья 77. Общие основания прекращения трудового договора,ст. 77 ТК РФ
https://rulaws.ru/tk/CHAST-TRETYA/Razdel-III/Glava-13/Statya-78/,Статья 78. Расторжение трудового договора по соглашению сторон,ст. 78 ТК РФ
https://rulaws.ru/tk/CHAST-TRETYA/Razdel-III/Glava-13/Statya-79/,Статья 79. Прекращение срочного трудового договора,ст. 79 ТК РФ
https://rulaws.ru/tk/CHAST-TRETYA/Razdel-III/Glava-13/Statya-80/,Статья 80. Расторжение трудового договора по инициативе работника (по собственному желанию),ст. 80 ТК РФ
https://rulaws.ru/tk/CHAST-TRETYA/Razdel-III/Glava-13/Statya-81/,Статья 81. Расторжение трудового договора по инициативе работодателя,ст. 81 ТК РФ
https://rulaws.ru/tk/CHAST-TRETYA/Razdel-III/Glava-13/Statya-82/,"Статья 82. Обязательное участие выборного органа первичной профсоюзной организации в рассмотрении вопросов, связанных с расторжением трудового договора по инициативе работодателя",ст. 82 ТК РФ
https://rulaws.ru/tk/CHAST-TRETYA/Razdel-III/Glava-13/Statya-83/,"Статья 83. Прекращение трудового договора по обстоятельствам, не зависящим от воли сторон",ст. 83 ТК РФ
https://rulaws.ru/tk/CHAST-TRETYA/Razdel-III/Glava-13/Statya-84/,Статья 84. Прекращение трудового договора вследствие нарушения установленных настоящим Кодексом или иным федеральным законом правил заключения трудового договора,ст. 84 ТК РФ
https://rulaws.ru/tk/CHAST-TRETYA/Razdel-III/Glava-13/Statya-84.1/,Статья 84.1. Общий порядок оформления прекращения трудового договора,ст. 84.1 ТК РФ
https://rulaws.ru/tk/CHAST-TRETYA/Razdel-III/Glava-14/Statya-85/,Статья 85. Утратила силу. - Федеральный закон от 07.05.2013 N 99-ФЗ.,ст. 85 ТК РФ
https://rulaws.ru/tk/CHAST-TRETYA/Razdel-III/Glava-14/Statya-86/,Статья 86. Общие требования при обработке персональных данных работника и гарантии их защиты,ст. 86 ТК РФ
https://rulaws.ru/tk/CHAST-TRETYA/Razdel-III/Glava-14/Statya-87/,Статья 87. Хранение и использование персональных данных работников,ст. 87 ТК РФ
https://rulaws.ru/tk/CHAST-TRETYA/Razdel-III/Glava-14/Statya-88/,Статья 88. Передача персональных данных работника,ст. 88 ТК РФ
https://rulaws.ru/tk/CHAST-TRETYA/Razdel-III/Glava-14/Statya-89/,"Статья 89. Права работников в целях обеспечения защиты персональных данных, хранящихся у работодателя",ст. 89 ТК РФ
https://rulaws.ru/tk/CHAST-TRETYA/Razdel-III/Glava-14/Statya-90/,"Статья 90. Ответственность за нарушение норм, регулирующих обработку и защиту персональных данных работника",ст. 90 ТК РФ
https://rulaws.ru/tk/CHAST-TRETYA/Razdel-IV/,Раздел IV. РАБОЧЕЕ ВРЕМЯ,
https://rulaws.ru/tk/CHAST-TRETYA/Razdel-IV/Glava-15/Statya-91/,Статья 91. Понятие рабочего времени. Нормальная продолжительность рабочего времени,ст. 91 ТК РФ
https://rulaws.ru/tk/CHAST-TRETYA/Razdel-IV/Glava-15/Statya-92/,Статья 92. Сокращенная продолжительность рабочего времени,ст. 92 ТК РФ
https://rulaws.ru/tk/CHAST-TRETYA/Razdel-IV/Glava-15/Statya-93/,Статья 93. Неполное рабочее время,ст. 93 ТК РФ
https://rulaws.ru/tk/CHAST-TRETYA/Razdel-IV/Glava-15/Statya-94/,Статья 94. Продолжительность ежедневной работы (смены),ст. 94 ТК РФ
https://rulaws.ru/tk/CHAST-TRETYA/Razdel-IV/Glava-15/Statya-95/,Статья 95. Продолжительность работы накануне нерабочих праздничных и выходных дней,ст. 95 ТК РФ
https://rulaws.ru/tk/CHAST-TRETYA/Razdel-IV/Glava-15/Statya-96/,Статья 96. Работа в ночное время,ст. 96 ТК РФ
https://rulaws.ru/tk/CHAST-TRETYA/Razdel-IV/Glava-15/Statya-97/,Статья 97. Работа за пределами установленной продолжительности рабочего времени,ст. 97 ТК РФ
https://rulaws.ru/tk/CHAST-TRETYA/Razdel-IV/Glava-15/Statya-98/,Статья 98. Утратила силу. - Федеральный закон от 30.06.2006 N 90-ФЗ.,ст. 98 ТК РФ
https://rulaws.ru/tk/CHAST-TRETYA/Razdel-IV/Glava-15/Statya-99/,Статья 99. Сверхурочная работа,ст. 99 ТК РФ
https://rulaws.ru/tk/CHAST-TRETYA/Razdel-IV/Glava-16/Statya-100/,Статья 100. Режим рабочего времени,ст. 100 ТК РФ
https://rulaws.ru/tk/CHAST-TRETYA/Razdel-IV/Glava-16/Statya-101/,Статья 101. Ненормированный рабочий день,ст. 101 ТК РФ
https://rulaws.ru/tk/CHAST-TRETYA/Razdel-IV/Glava-16/Statya-102/,Статья 102. Работа в режиме гибкого рабочего времени,ст. 102 ТК РФ
https://rulaws.ru/tk/CHAST-TRETYA/Razdel-IV/Glava-16/Statya-103/,Статья 103. Сменная работа,ст. 103 ТК РФ
https://rulaws.ru/tk/CHAST-TRETYA/Razdel-IV/Glava-16/Statya-104/,Статья 104. Суммированный учет рабочего времени,ст. 104 ТК РФ
https://rulaws.ru/tk/CHAST-TRETYA/Razdel-IV/Glava-16/Statya-105/,Статья 105. Разделение рабочего дня на части,ст. 105 ТК РФ
https://rulaws.ru/tk/CHAST-TRETYA/Razdel-V/,Раздел V. ВРЕМЯ ОТДЫХА,
https://rulaws.ru/tk/CHAST-TRETYA/Razdel-V/Glava-17/Statya-106/,Статья 106. Понятие времени отдыха,ст. 106 ТК РФ
https://rulaws.ru/tk/CHAST-TRETYA/Razdel-V/Glava-17/Statya-107/,Статья 107. Виды времени отдыха,ст. 107 ТК РФ
https://rulaws.ru/tk/CHAST-TRETYA/Razdel-V/Glava-18/Statya-108/,Статья 108. Перерывы для отдыха и питания,ст. 108 ТК РФ
https://rulaws.ru/tk/CHAST-TRETYA/Razdel-V/Glava-18/Statya-109/,Статья 109. Специальные перерывы для обогревания и отдыха,ст. 109 ТК РФ
https://rulaws.ru/tk/CHAST-TRETYA/Razdel-V/Glava-18/Statya-110/,Статья 110. Продолжительность еженедельного непрерывного отдыха,ст. 110 ТК РФ
https://rulaws.ru/tk/CHAST-TRETYA/Razdel-V/Glava-18/Statya-111/,Статья 111. Выходные дни,ст. 111 ТК РФ
https://rulaws.ru/tk/CHAST-TRETYA/Razdel-V/Glava-18/Statya-112/,Статья 112. Нерабочие праздничные дни,ст. 112 ТК РФ
https://rulaws.ru/tk/CHAST-TRETYA/Razdel-V/Glava-18/Statya-113/,Статья 113. Запрещение работы в выходные и нерабочие праздничные дни. Исключительные случаи привлечения работников к работе в выходные и нерабочие праздничные дни,ст. 113 ТК РФ
https://rulaws.ru/tk/CHAST-TRETYA/Razdel-V/Glava-19/Statya-114/,Статья 114. Ежегодные оплачиваемые отпуска,ст. 114 ТК РФ
https://rulaws.ru/tk/CHAST-TRETYA/Razdel-V/Glava-19/Statya-115/,Статья 115. Продолжительность ежегодного основного оплачиваемого отпуска,ст. 115 ТК РФ
https://rulaws.ru/tk/CHAST-TRETYA/Razdel-V/Glava-19/Statya-116/,Статья 116. Ежегодные дополнительные оплачиваемые отпуска,ст. 116 ТК РФ
https://rulaws.ru/tk/CHAST-TRETYA/Razdel-V/Glava-19/Statya-117/,"Статья 117. Ежегодный дополнительный оплачиваемый отпуск работникам, занятым на работах с вредными и (или) опасными условиями труда",ст. 117 ТК РФ
https://rulaws.ru/tk/CHAST-TRETYA/Razdel-V/Glava-19/Statya-118/,Статья 118. Ежегодный дополнительный оплачиваемый отпуск за особый характер работы,ст. 118 ТК РФ
https://rulaws.ru/tk/CHAST-TRETYA/Razdel-V/Glava-19/Statya-119/,Статья 119. Ежегодный дополнительный оплачиваемый отпуск работникам с ненормированным рабочим днем,ст. 119 ТК РФ
https://rulaws.ru/tk/CHAST-TRETYA/Razdel-V/Glava-19/Statya-120/,Статья 120. Исчисление продолжительности ежегодных оплачиваемых отпусков,ст. 120 ТК РФ
https://rulaws.ru/tk/CHAST-TRETYA/Razdel-V/Glava-19/Statya-121/,"Статья 121. Исчисление стажа работы, дающего право на ежегодные оплачиваемые отпуска",ст. 121 ТК РФ
https://rulaws.ru/tk/CHAST-TRETYA/Razdel-V/Glava-19/Statya-122/,Статья 122. Порядок предоставления ежегодных оплачиваемых отпусков,ст. 122 ТК РФ
https://rulaws.ru/tk/CHAST-TRETYA/Razdel-V/Glava-19/Statya-123/,Статья 123. Очередность предоставления ежегодных оплачиваемых отпусков,ст. 123 ТК РФ
https://rulaws.ru/tk/CHAST-TRETYA/Razdel-V/Glava-19/Statya-124/,Статья 124. Продление или перенесение ежегодного оплачиваемого отпуска,ст. 124 ТК РФ
https://rulaws.ru/tk/CHAST-TRETYA/Razdel-V/Glava-19/Statya-125/,Статья 125. Разделение ежегодного оплачиваемого отпуска на части. Отзыв из отпуска,ст. 125 ТК РФ
https://rulaws.ru/tk/CHAST-TRETYA/Razdel-V/Glava-19/Statya-126/,Статья 126. Замена ежегодного оплачиваемого отпуска денежной компенсацией,ст. 126 ТК РФ
https://rulaws.ru/tk/CHAST-TRETYA/Razdel-V/Glava-19/Statya-127/,Статья 127. Реализация права на отпуск при увольнении работника,ст. 127 ТК РФ
https://rulaws.ru/tk/CHAST-TRETYA/Razdel-V/Glava-19/Statya-128/,Статья 128. Отпуск без сохранения заработной платы,ст. 128 ТК РФ
https://rulaws.ru/tk/CHAST-TRETYA/Razdel-VI/,Раздел VI. ОПЛАТА И НОРМИРОВАНИЕ ТРУДА,
https://rulaws.ru/tk/CHAST-TRETYA/Razdel-VI/Glava-20/Statya-129/,Статья 129. Основные понятия и определения,ст. 129 ТК РФ
https://rulaws.ru/tk/CHAST-TRETYA/Razdel-VI/Glava-20/Statya-130/,Статья 130. Основные государственные гарантии по оплате труда работников,ст. 130 ТК РФ
https://rulaws.ru/tk/CHAST-TRETYA/Razdel-VI/Glava-20/Statya-131/,Статья 131. Формы оплаты труда,ст. 131 ТК РФ
https://rulaws.ru/tk/CHAST-TRETYA/Razdel-VI/Glava-20/Statya-132/,Статья 132. Оплата по труду,ст. 132 ТК РФ
https://rulaws.ru/tk/CHAST-TRETYA/Razdel-VI/Glava-21/Statya-133/,Статья 133. Установление минимального размера оплаты труда,ст. 133 ТК РФ
https://rulaws.ru/tk/CHAST-TRETYA/Razdel-VI/Glava-21/Statya-133.1/,Статья 133.1. Установление размера минимальной заработной платы в субъекте Российской Федерации,ст. 133.1 ТК РФ
https://rulaws.ru/tk/CHAST-TRETYA/Razdel-VI/Glava-21/Statya-134/,Статья 134. Обеспечение повышения уровня реального содержания заработной платы,ст. 134 ТК РФ
https://rulaws.ru/tk/CHAST-TRETYA/Razdel-VI/Glava-21/Statya-135/,Статья 135. Установление заработной платы,ст. 135 ТК РФ
https://rulaws.ru/tk/CHAST-TRETYA/Razdel-VI/Glava-21/Statya-136/,"Статья 136. Порядок, место и сроки выплаты заработной платы",ст. 136 ТК РФ
https://rulaws.ru/tk/CHAST-TRETYA/Razdel-VI/Glava-21/Statya-137/,Статья 137. Ограничение удержаний из заработной платы,ст. 137 ТК РФ
https://rulaws.ru/tk/CHAST-TRETYA/Razdel-VI/Glava-21/Statya-138/,Статья 138. Ограничение размера удержаний из заработной платы,ст. 138 ТК РФ
https://rulaws.ru/tk/CHAST-TRETYA/Razdel-VI/Glava-21/Statya-139/,Статья 139. Исчисление средней заработной платы,ст. 139 ТК РФ
https://rulaws.ru/tk/CHAST-TRETYA/Razdel-VI/Glava-21/Statya-140/,Статья 140. Сроки расчета при увольнении,ст. 140 ТК РФ
https://rulaws.ru/tk/CHAST-TRETYA/Razdel-VI/Glava-21/Statya-141/,"Статья 141. Выдача заработной платы, не полученной ко дню смерти работника",ст. 141 ТК РФ
https://rulaws.ru/tk/CHAST-TRETYA/Razdel-VI/Glava-21/Statya-142/,"Статья 142. Ответственность работодателя за нарушение сроков выплаты заработной платы и иных сумм, причитающихся работнику",ст. 142 ТК РФ
https://rulaws.ru/tk/CHAST-TRETYA/Razdel-VI/Glava-21/Statya-143/,Статья 143. Тарифные системы оплаты труда,ст. 143 ТК РФ
https://rulaws.ru/tk/CHAST-TRETYA/Razdel-VI/Glava-21/Statya-144/,Статья 144. Системы оплаты труда работников государственных и муниципальных учреждений,ст. 144 ТК РФ
https://rulaws.ru/tk/CHAST-TRETYA/Razdel-VI/Glava-21/Statya-145/,"Статья 145. Условия оплаты труда руководителей, их заместителей, главных бухгалтеров и заключающих трудовой договор членов коллегиальных исполнительных органов организаций",ст. 145 ТК РФ
https://rulaws.ru/tk/CHAST-TRETYA/Razdel-VI/Glava-21/Statya-146/,Статья 146. Оплата труда в особых условиях,ст. 146 ТК РФ
https://rulaws.ru/tk/CHAST-TRETYA/Razdel-VI/Glava-21/Statya-147/,"Статья 147. Оплата труда работников, занятых на работах с вредными и (или) опасными условиями труда",ст. 147 ТК РФ
https://rulaws.ru/tk/CHAST-TRETYA/Razdel-VI/Glava-21/Statya-148/,Статья 148. Оплата труда на работах в местностях с особыми климатическими условиями,ст. 148 ТК РФ
https://rulaws.ru/tk/CHAST-TRETYA/Razdel-VI/Glava-21/Statya-149/,"Статья 149. Оплата труда в других случаях выполнения работ в условиях, отклоняющихся от нормальных",ст. 149 ТК РФ
https://rulaws.ru/tk/CHAST-TRETYA/Razdel-VI/Glava-21/Statya-150/,Статья 150. Оплата труда при выполнении работ различной квалификации,ст. 150 ТК РФ
https://rulaws.ru/tk/CHAST-TRETYA/Razdel-VI/Glava-21/Statya-151/,"Статья 151. Оплата труда при совмещении профессий (должностей), расширении зон обслуживания, увеличении объема работы или исполнении обязанностей временно отсутствующего работника без освобождения от работы, определенной трудовым договором",ст. 151 ТК РФ
https://rulaws.ru/tk/CHAST-TRETYA/Razdel-VI/Glava-21/Statya-152/,Статья 152. Оплата сверхурочной работы,ст. 152 ТК РФ
https://rulaws.ru/tk/CHAST-TRETYA/Razdel-VI/Glava-21/Statya-153/,Статья 153. Оплата труда в выходные и нерабочие праздничные дни,ст. 153 ТК РФ
https://rulaws.ru/tk/CHAST-TRETYA/Razdel-VI/Glava-21/Statya-154/,Статья 154. Оплата труда в ночное время,ст. 154 ТК РФ
https://rulaws.ru/tk/CHAST-TRETYA/Razdel-VI/Glava-21/Statya-155/,"Статья 155. Оплата труда при невыполнении норм труда, неисполнении трудовых (должностных) обязанностей",ст. 155 ТК РФ
https://rulaws.ru/tk/CHAST-TRETYA/Razdel-VI/Glava-21/Statya-156/,"Статья 156. Оплата труда при изготовлении продукции, оказавшейся браком",ст. 156 ТК РФ
https://rulaws.ru/tk/CHAST-TRETYA/Razdel-VI/Glava-21/Statya-157/,Статья 157. Оплата времени простоя,ст. 157 ТК РФ
https://rulaws.ru/tk/CHAST-TRETYA/Razdel-VI/Glava-21/Statya-158/,Статья 158. Оплата труда при освоении новых производств (продукции),ст. 158 ТК РФ
https://rulaws.ru/tk/CHAST-TRETYA/Razdel-VI/Glava-22/Statya-159/,Статья 159. Общие положения,ст. 159 ТК РФ
https://rulaws.ru/tk/CHAST-TRETYA/Razdel-VI/Glava-22/Statya-160/,Статья 160. Нормы труда,ст. 160 ТК РФ
https://rulaws.ru/tk/CHAST-TRETYA/Razdel-VI/Glava-22/Statya-161/,Статья 161. Разработка и утверждение типовых норм труда,ст. 161 ТК РФ
https://rulaws.ru/tk/CHAST-TRETYA/Razdel-VI/Glava-22/Statya-162/,"Статья 162. Введение, замена и пересмотр норм труда",ст. 162 ТК РФ
https://rulaws.ru/tk/CHAST-TRETYA/Razdel-VI/Glava-22/Statya-163/,Статья 163. Обеспечение нормальных условий работы для выполнения норм выработки,ст. 163 ТК РФ
https://rulaws.ru/tk/CHAST-TRETYA/Razdel-VII/,Раздел VII. ГАРАНТИИ И КОМПЕНСАЦИИ,
https://rulaws.ru/tk/CHAST-TRETYA/Razdel-VII/Glava-23/Statya-164/,Статья 164. Понятие гарантий и компенсаций,ст. 164 ТК РФ
https://rulaws.ru/tk/CHAST-TRETYA/Razdel-VII/Glava-23/Statya-165/,Статья 165. Случаи предоставления гарантий и компенсаций,ст. 165 ТК РФ
https://rulaws.ru/tk/CHAST-TRETYA/Razdel-VII/Glava-24/Statya-166/,Статья 166. Понятие служебной командировки,ст. 166 ТК РФ
https://rulaws.ru/tk/CHAST-TRETYA/Razdel-VII/Glava-24/Statya-167/,Статья 167. Гарантии при направлении работников в служебные командировки,ст. 167 ТК РФ
https://rulaws.ru/tk/CHAST-TRETYA/Razdel-VII/Glava-24/Statya-168/,"Статья 168. Возмещение расходов, связанных со служебной командировкой",ст. 168 ТК РФ
https://rulaws.ru/tk/CHAST-TRETYA/Razdel-VII/Glava-24/Statya-168.1/,"Статья 168.1. Возмещение расходов, связанных со служебными поездками работников, постоянная работа которых осуществляется в пути или имеет разъездной характер, а также с работой в полевых условиях, работами экспедиционного характера",ст. 168.1 ТК РФ
https://rulaws.ru/tk/CHAST-TRETYA/Razdel-VII/Glava-24/Statya-169/,Статья 169. Возмещение расходов при переезде на работу в другую местность,ст. 169 ТК РФ
https://rulaws.ru/tk/CHAST-TRETYA/Razdel-VII/Glava-25/Statya-170/,"Статья 170. Гарантии и компенсации работникам, привлекаемым к исполнению государственных или общественных обязанностей",ст. 170 ТК РФ
https://rulaws.ru/tk/CHAST-TRETYA/Razdel-VII/Glava-25/Statya-171/,"Статья 171. Гарантии работникам, избранным в профсоюзные органы и комиссии по трудовым спорам",ст. 171 ТК РФ
https://rulaws.ru/tk/CHAST-TRETYA/Razdel-VII/Glava-25/Statya-172/,"Статья 172. Гарантии работникам, избранным на выборные должности в государственных органах, органах местного самоуправления",ст. 172 ТК РФ
https://rulaws.ru/tk/CHAST-TRETYA/Razdel-VII/Glava-26/Statya-173/,"Статья 173. Гарантии и компенсации работникам, совмещающим работу с получением высшего образования по программам бакалавриата, программам специалитета или программам магистратуры, и работникам, поступающим на обучение по указанным образовательным программам",ст. 173 ТК РФ
https://rulaws.ru/tk/CHAST-TRETYA/Razdel-VII/Glava-26/Statya-173.1/,"Статья 173.1. Гарантии и компенсации работникам, совмещающим работу с получением высшего образования - подготовки кадров высшей квалификации, а также работникам, допущенным к соисканию ученой степени кандидата наук или доктора наук",ст. 173.1 ТК РФ
https://rulaws.ru/tk/CHAST-TRETYA/Razdel-VII/Glava-26/Statya-174/,"Статья 174. Гарантии и компенсации работникам, совмещающим работу с получением среднего профессионального образования, и работникам, поступающим на обучение по образовательным программам среднего профессионального образования",ст. 174 ТК РФ
https://rulaws.ru/tk/CHAST-TRETYA/Razdel-VII/Glava-26/Statya-175/,Статья 175. Утратила силу с 1 сентября 2013 года. - Федеральный закон от 02.07.2013 N 185-ФЗ.,ст. 175 ТК РФ
https://rulaws.ru/tk/CHAST-TRETYA/Razdel-VII/Glava-26/Statya-176/,"Статья 176. Гарантии и компенсации работникам, получающим основное общее образование или среднее общее образование по очно-заочной форме обучения",ст. 176 ТК РФ
https://rulaws.ru/tk/CHAST-TRETYA/Razdel-VII/Glava-26/Statya-177/,"Статья 177. Порядок предоставления гарантий и компенсаций работникам, совмещающим работу с получением образования",ст. 177 ТК РФ
https://rulaws.ru/tk/CHAST-TRETYA/Razdel-VII/Glava-27/Statya-178/,Статья 178. Выходные пособия. Выплата среднего месячного заработка за период трудоустройства или единовременной компенсации,ст. 178 ТК РФ
https://rulaws.ru/tk/CHAST-TRETYA/Razdel-VII/Glava-27/Statya-179/,Статья 179. Преимущественное право на оставление на работе при сокращении численности или штата работников,ст. 179 ТК РФ
https://rulaws.ru/tk/CHAST-TRETYA/Razdel-VII/Glava-27/Statya-180/,"Статья 180. Гарантии и компенсации работникам при ликвидации организации, сокращении численности или штата работников организации",ст. 180 ТК РФ
https://rulaws.ru/tk/CHAST-TRETYA/Razdel-VII/Glava-27/Statya-181/,"Статья 181. Гарантии руководителю организации, его заместителям и главному бухгалтеру при расторжении трудового договора в связи со сменой собственника имущества организации",ст. 181 ТК РФ
https://rulaws.ru/tk/CHAST-TRETYA/Razdel-VII/Glava-27/Statya-181.1/,"Статья 181.1. Выходные пособия, компенсации и иные выплаты работникам в отдельных случаях прекращения трудовых договоров",ст. 181.1 ТК РФ
https://rulaws.ru/tk/CHAST-TRETYA/Razdel-VII/Glava-28/Statya-182/,Статья 182. Гарантии при переводе работника на другую нижеоплачиваемую работу,ст. 182 ТК РФ
https://rulaws.ru/tk/CHAST-TRETYA/Razdel-VII/Glava-28/Statya-183/,Статья 183. Гарантии работнику при временной нетрудоспособности,ст. 183 ТК РФ
https://rulaws.ru/tk/CHAST-TRETYA/Razdel-VII/Glava-28/Statya-184/,Статья 184. Гарантии и компенсации при несчастном случае на производстве и профессиональном заболевании,ст. 184 ТК РФ
https://rulaws.ru/tk/CHAST-TRETYA/Razdel-VII/Glava-28/Statya-185/,"Статья 185. Гарантии работникам, направляемым на медицинский осмотр и (или) обязательное психиатрическое освидетельствование",ст. 185 ТК РФ
https://rulaws.ru/tk/CHAST-TRETYA/Razdel-VII/Glava-28/Statya-185.1/,Статья 185.1. Гарантии работникам при прохождении диспансеризации,ст. 185.1 ТК РФ
https://rulaws.ru/tk/CHAST-TRETYA/Razdel-VII/Glava-28/Statya-186/,Статья 186. Гарантии и компенсации работникам в случае сдачи ими крови и ее компонентов,ст. 186 ТК РФ
https://rulaws.ru/tk/CHAST-TRETYA/Razdel-VII/Glava-28/Statya-187/,"Статья 187. Гарантии и компенсации работникам, направляемым работодателем на профессиональное обучение или дополнительное профессиональное образование, на прохождение независимой оценки квалификации",ст. 187 ТК РФ
https://rulaws.ru/tk/CHAST-TRETYA/Razdel-VII/Glava-28/Statya-188/,Статья 188. Возмещение расходов при использовании личного имущества работника,ст. 188 ТК РФ
https://rulaws.ru/tk/CHAST-TRETYA/Razdel-VIII/,Раздел VIII. ТРУДОВОЙ РАСПОРЯДОК. ДИСЦИПЛИНА ТРУДА,
https://rulaws.ru/tk/CHAST-TRETYA/Razdel-VIII/Glava-29/Statya-189/,Статья 189. Дисциплина труда и трудовой распорядок,ст. 189 ТК РФ
https://rulaws.ru/tk/CHAST-TRETYA/Razdel-VIII/Glava-29/Statya-190/,Статья 190. Порядок утверждения правил внутреннего трудового распорядка,ст. 190 ТК РФ
https://rulaws.ru/tk/CHAST-TRETYA/Razdel-VIII/Glava-30/Statya-191/,Статья 191. Поощрения за труд,ст. 191 ТК РФ
https://rulaws.ru/tk/CHAST-TRETYA/Razdel-VIII/Glava-30/Statya-192/,Статья 192. Дисциплинарные взыскания,ст. 192 ТК РФ
https://rulaws.ru/tk/CHAST-TRETYA/Razdel-VIII/Glava-30/Statya-193/,Статья 193. Порядок применения дисциплинарных взысканий,ст. 193 ТК РФ
https://rulaws.ru/tk/CHAST-TRETYA/Razdel-VIII/Glava-30/Statya-194/,Статья 194. Снятие дисциплинарного взыскания,ст. 194 ТК РФ
https://rulaws.ru/tk/CHAST-TRETYA/Razdel-VIII/Glava-30/Statya-195/,"Статья 195. Привлечение к дисциплинарной ответственности руководителя организации, руководителя структурного подразделения организации, их заместителей по требованию представительного органа работников",ст. 195 ТК РФ
https://rulaws.ru/tk/CHAST-TRETYA/RAZDEL-IX/,"РАЗДЕЛ IX. КВАЛИФИКАЦИЯ РАБОТНИКА, ПРОФЕССИОНАЛЬНЫЙ СТАНДАРТ, ПОДГОТОВКА И ДОПОЛНИТЕЛЬНОЕ ПРОФЕССИОНАЛЬНОЕ ОБРАЗОВАНИЕ РАБОТНИКОВ",
https://rulaws.ru/tk/CHAST-TRETYA/RAZDEL-IX/Glava-31/Statya-195.1/,"Статья 195.1. Понятия квалификации работника, профессионального стандарта",ст. 195.1 ТК РФ
https://rulaws.ru/tk/CHAST-TRETYA/RAZDEL-IX/Glava-31/Statya-195.2/,Статья 195.2. Порядок разработки и утверждения профессиональных стандартов,ст. 195.2 ТК РФ
https://rulaws.ru/tk/CHAST-TRETYA/RAZDEL-IX/Glava-31/Statya-195.3/,Статья 195.3. Порядок применения профессиональных стандартов,ст. 195.3 ТК РФ
https://rulaws.ru/tk/CHAST-TRETYA/RAZDEL-IX/Glava-31/Statya-196/,"Статья 196. Права и обязанности работодателя по подготовке и дополнительному профессиональному образованию работников, по направлению работников на прохождение независимой оценки квалификации",ст. 196 ТК РФ
https://rulaws.ru/tk/CHAST-TRETYA/RAZDEL-IX/Glava-31/Statya-197/,"Статья 197. Право работников на подготовку и дополнительное профессиональное образование, на прохождение независимой оценки квалификации",ст. 197 ТК РФ
https://rulaws.ru/tk/CHAST-TRETYA/RAZDEL-IX/Glava-32/Statya-198/,Статья 198. Ученический договор,ст. 198 ТК РФ
https://rulaws.ru/tk/CHAST-TRETYA/RAZDEL-IX/Glava-32/Statya-199/,Статья 199. Содержание ученического договора,ст. 199 ТК РФ
https://rulaws.ru/tk/CHAST-TRETYA/RAZDEL-IX/Glava-32/Statya-200/,Статья 200. Срок и форма ученического договора,ст. 200 ТК РФ
https://rulaws.ru/tk/CHAST-TRETYA/RAZDEL-IX/Glava-32/Statya-201/,Статья 201. Действие ученического договора,ст. 201 ТК РФ
https://rulaws.ru/tk/CHAST-TRETYA/RAZDEL-IX/Glava-32/Statya-202/,Статья 202. Организационные формы ученичества,ст. 202 ТК РФ
https://rulaws.ru/tk/CHAST-TRETYA/RAZDEL-IX/Glava-32/Statya-203/,Статья 203. Время ученичества,ст. 203 ТК РФ
https://rulaws.ru/tk/CHAST-TRETYA/RAZDEL-IX/Glava-32/Statya-204/,Статья 204. Оплата ученичества,ст. 204 ТК РФ
https://rulaws.ru/tk/CHAST-TRETYA/RAZDEL-IX/Glava-32/Statya-205/,Статья 205. Распространение на учеников трудового законодательства,ст. 205 ТК РФ
https://rulaws.ru/tk/CHAST-TRETYA/RAZDEL-IX/Glava-32/Statya-206/,Статья 206. Недействительность условий ученического договора,ст. 206 ТК РФ
https://rulaws.ru/tk/CHAST-TRETYA/RAZDEL-IX/Glava-32/Statya-207/,Статья 207. Права и обязанности учеников по окончании ученичества,ст. 207 ТК РФ
https://rulaws.ru/tk/CHAST-TRETYA/RAZDEL-IX/Glava-32/Statya-208/,Статья 208. Основания прекращения ученического договора,ст. 208 ТК РФ
https://rulaws.ru/tk/CHAST-TRETYA/Razdel-X/,Раздел X. ОХРАНА ТРУДА,
https://rulaws.ru/tk/CHAST-TRETYA/Razdel-X/Glava-33/Statya-209/,Статья 209. Основные понятия,ст. 209 ТК РФ
https://rulaws.ru/tk/CHAST-TRETYA/Razdel-X/Glava-33/Statya-209.1/,Статья 209.1. Основные принципы обеспечения безопасности труда,ст. 209.1 ТК РФ
https://rulaws.ru/tk/CHAST-TRETYA/Razdel-X/Glava-33/Statya-210/,Статья 210. Основные направления государственной политики в области охраны труда,ст. 210 ТК РФ
https://rulaws.ru/tk/CHAST-TRETYA/Razdel-X/Glava-34/Statya-211/,Статья 211. Государственное управление охраной труда,ст. 211 ТК РФ
https://rulaws.ru/tk/CHAST-TRETYA/Razdel-X/Glava-34/Statya-211.1/,Статья 211.1. Полномочия Правительства Российской Федерации в области охраны труда,ст. 211.1 ТК РФ
https://rulaws.ru/tk/CHAST-TRETYA/Razdel-X/Glava-34/Statya-211.2/,Статья 211.2. Полномочия федеральных органов исполнительной власти в области охраны труда,ст. 211.2 ТК РФ
https://rulaws.ru/tk/CHAST-TRETYA/Razdel-X/Glava-34/Statya-211.3/,Статья 211.3. Полномочия органов исполнительной власти субъектов Российской Федерации в области охраны труда,ст. 211.3 ТК РФ
https://rulaws.ru/tk/CHAST-TRETYA/Razdel-X/Glava-34/Statya-212/,Статья 212. Государственные нормативные требования охраны труда и национальные стандарты безопасности труда,ст. 212 ТК РФ
https://rulaws.ru/tk/CHAST-TRETYA/Razdel-X/Glava-34/Statya-213/,Статья 213. Государственная экспертиза условий труда,ст. 213 ТК РФ
https://rulaws.ru/tk/CHAST-TRETYA/Razdel-X/Glava-34/Statya-213.1/,"Статья 213.1. Соответствие зданий, сооружений, оборудования, технологических процессов и материалов государственным нормативным требованиям охраны труда",ст. 213.1 ТК РФ
https://rulaws.ru/tk/CHAST-TRETYA/Razdel-X/Glava-35/Statya-214/,Статья 214. Обязанности работодателя в области охраны труда,ст. 214 ТК РФ
https://rulaws.ru/tk/CHAST-TRETYA/Razdel-X/Glava-35/Statya-214.1/,Статья 214.1. Запрет на работу в опасных условиях труда,ст. 214.1 ТК РФ
https://rulaws.ru/tk/CHAST-TRETYA/Razdel-X/Glava-35/Statya-214.2/,Статья 214.2. Права работодателя в области охраны труда,ст. 214.2 ТК РФ
https://rulaws.ru/tk/CHAST-TRETYA/Razdel-X/Glava-35/Statya-215/,Статья 215. Обязанности работника в области охраны труда,ст. 215 ТК РФ
https://rulaws.ru/tk/CHAST-TRETYA/Razdel-X/Glava-35/Statya-216/,Статья 216. Права работника в области охраны труда,ст. 216 ТК РФ
https://rulaws.ru/tk/CHAST-TRETYA/Razdel-X/Glava-35/Statya-216.1/,"Статья 216.1. Гарантии права работников на труд в условиях, соответствующих требованиям охраны труда",ст. 216.1 ТК РФ
https://rulaws.ru/tk/CHAST-TRETYA/Razdel-X/Glava-35/Statya-216.2/,Статья 216.2. Право работника на получение информации об условиях и охране труда,ст. 216.2 ТК РФ
https://rulaws.ru/tk/CHAST-TRETYA/Razdel-X/Glava-35/Statya-216.3/,Статья 216.3. Обеспечение права работников на санитарно-бытовое обслуживание,ст. 216.3 ТК РФ
https://rulaws.ru/tk/CHAST-TRETYA/Razdel-X/Glava-36/Statya-217/,Статья 217. Система управления охраной труда,ст. 217 ТК РФ
https://rulaws.ru/tk/CHAST-TRETYA/Razdel-X/Glava-36/Statya-218/,Статья 218. Профессиональные риски,ст. 218 ТК РФ
https://rulaws.ru/tk/CHAST-TRETYA/Razdel-X/Glava-36/Statya-219/,Статья 219. Обучение по охране труда,ст. 219 ТК РФ
https://rulaws.ru/tk/CHAST-TRETYA/Razdel-X/Glava-36/Statya-220/,Статья 220. Медицинские осмотры некоторых категорий работников,ст. 220 ТК РФ
https://rulaws.ru/tk/CHAST-TRETYA/Razdel-X/Glava-36/Statya-221/,Статья 221. Обеспечение работников средствами индивидуальной защиты,ст. 221 ТК РФ
https://rulaws.ru/tk/CHAST-TRETYA/Razdel-X/Glava-36/Statya-222/,"Статья 222. Обеспечение работников молоком или другими равноценными пищевыми продуктами, лечебно-профилактическим питанием",ст. 222 ТК РФ
https://rulaws.ru/tk/CHAST-TRETYA/Razdel-X/Glava-36/Statya-223/,Статья 223. Служба охраны труда у работодателя,ст. 223 ТК РФ
https://rulaws.ru/tk/CHAST-TRETYA/Razdel-X/Glava-36/Statya-224/,Статья 224. Комитеты (комиссии) по охране труда,ст. 224 ТК РФ
https://rulaws.ru/tk/CHAST-TRETYA/Razdel-X/Glava-36/Statya-225/,Статья 225. Финансирование мероприятий по улучшению условий и охраны труда,ст. 225 ТК РФ
https://rulaws.ru/tk/CHAST-TRETYA/Razdel-X/Glava-36.1/Statya-226/,Статья 226. Микроповреждения (микротравмы),ст. 226 ТК РФ
https://rulaws.ru/tk/CHAST-TRETYA/Razdel-X/Glava-36.1/Statya-227/,"Статья 227. Несчастные случаи, подлежащие расследованию и учету",ст. 227 ТК РФ
https://rulaws.ru/tk/CHAST-TRETYA/Razdel-X/Glava-36.1/Statya-228/,Статья 228. Обязанности работодателя при несчастном случае,ст. 228 ТК РФ
https://rulaws.ru/tk/CHAST-TRETYA/Razdel-X/Glava-36.1/Statya-228.1/,Статья 228.1. Порядок извещения о несчастных случаях,ст. 228.1 ТК РФ
https://rulaws.ru/tk/CHAST-TRETYA/Razdel-X/Glava-36.1/Statya-229/,Статья 229. Порядок формирования комиссий по расследованию несчастных случаев,ст. 229 ТК РФ
https://rulaws.ru/tk/CHAST-TRETYA/Razdel-X/Glava-36.1/Statya-229.1/,Статья 229.1. Сроки расследования несчастных случаев,ст. 229.1 ТК РФ
https://rulaws.ru/tk/CHAST-TRETYA/Razdel-X/Glava-36.1/Statya-229.2/,Статья 229.2. Порядок проведения расследования несчастных случаев,ст. 229.2 ТК РФ
https://rulaws.ru/tk/CHAST-TRETYA/Razdel-X/Glava-36.1/Statya-229.3/,Статья 229.3. Проведение расследования несчастных случаев государственными инспекторами труда,ст. 229.3 ТК РФ
https://rulaws.ru/tk/CHAST-TRETYA/Razdel-X/Glava-36.1/Statya-230/,Статья 230. Порядок оформления материалов расследования несчастных случаев,ст. 230 ТК РФ
https://rulaws.ru/tk/CHAST-TRETYA/Razdel-X/Glava-36.1/Statya-230.1/,Статья 230.1. Порядок регистрации и учета несчастных случаев на производстве,ст. 230.1 ТК РФ
https://rulaws.ru/tk/CHAST-TRETYA/Razdel-X/Glava-36.1/Statya-231/,"Статья 231. Рассмотрение разногласий по вопросам расследования, оформления и учета несчастных случаев",ст. 231 ТК РФ
https://rulaws.ru/tk/CHAST-TRETYA/Razdel-XI/,Раздел XI. МАТЕРИАЛЬНАЯ ОТВЕТСТВЕННОСТЬ СТОРОН ТРУДОВОГО ДОГОВОРА,
https://rulaws.ru/tk/CHAST-TRETYA/Razdel-XI/Glava-37/Statya-232/,"Статья 232. Обязанность стороны трудового договора возместить ущерб, причиненный ею другой стороне этого договора",ст. 232 ТК РФ
https://rulaws.ru/tk/CHAST-TRETYA/Razdel-XI/Glava-37/Statya-233/,Статья 233. Условия наступления материальной ответственности стороны трудового договора,ст. 233 ТК РФ
https://rulaws.ru/tk/CHAST-TRETYA/Razdel-XI/Glava-38/Statya-234/,"Статья 234. Обязанность работодателя возместить работнику материальный ущерб, причиненный в результате незаконного лишения его возможности трудиться",ст. 234 ТК РФ
https://rulaws.ru/tk/CHAST-TRETYA/Razdel-XI/Glava-38/Statya-235/,"Статья 235. Материальная ответственность работодателя за ущерб, причиненный имуществу работника",ст. 235 ТК РФ
https://rulaws.ru/tk/CHAST-TRETYA/Razdel-XI/Glava-38/Statya-236/,"Статья 236. Материальная ответственность работодателя за задержку выплаты заработной платы и других выплат, причитающихся работнику",ст. 236 ТК РФ
https://rulaws.ru/tk/CHAST-TRETYA/Razdel-XI/Glava-38/Statya-237/,"Статья 237. Возмещение морального вреда, причиненного работнику",ст. 237 ТК РФ
https://rulaws.ru/tk/CHAST-TRETYA/Razdel-XI/Glava-39/Statya-238/,"Статья 238. Материальная ответственность работника за ущерб, причиненный работодателю",ст. 238 ТК РФ
https://rulaws.ru/tk/CHAST-TRETYA/Razdel-XI/Glava-39/Statya-239/,"Статья 239. Обстоятельства, исключающие материальную ответственность работника",ст. 239 ТК РФ
https://rulaws.ru/tk/CHAST-TRETYA/Razdel-XI/Glava-39/Statya-240/,Статья 240. Право работодателя на отказ от взыскания ущерба с работника,ст. 240 ТК РФ
https://rulaws.ru/tk/CHAST-TRETYA/Razdel-XI/Glava-39/Statya-241/,Статья 241. Пределы материальной ответственности работника,ст. 241 ТК РФ
https://rulaws.ru/tk/CHAST-TRETYA/Razdel-XI/Glava-39/Statya-242/,Статья 242. Полная материальная ответственность работника,ст. 242 ТК РФ
https://rulaws.ru/tk/CHAST-TRETYA/Razdel-XI/Glava-39/Statya-243/,Статья 243. Случаи полной материальной ответственности,ст. 243 ТК РФ
https://rulaws.ru/tk/CHAST-TRETYA/Razdel-XI/Glava-39/Statya-244/,Статья 244. Письменные договоры о полной материальной ответственности работников,ст. 244 ТК РФ
https://rulaws.ru/tk/CHAST-TRETYA/Razdel-XI/Glava-39/Statya-245/,Статья 245. Коллективная (бригадная) материальная ответственность за причинение ущерба,ст. 245 ТК РФ
https://rulaws.ru/tk/CHAST-TRETYA/Razdel-XI/Glava-39/Statya-246/,Статья 246. Определение размера причиненного ущерба,ст. 246 ТК РФ
https://rulaws.ru/tk/CHAST-TRETYA/Razdel-XI/Glava-39/Statya-247/,Статья 247. Обязанность работодателя устанавливать размер причиненного ему ущерба и причину его возникновения,ст. 247 ТК РФ
https://rulaws.ru/tk/CHAST-TRETYA/Razdel-XI/Glava-39/Statya-248/,Статья 248. Порядок взыскания ущерба,ст. 248 ТК РФ
https://rulaws.ru/tk/CHAST-TRETYA/Razdel-XI/Glava-39/Statya-249/,"Статья 249. Возмещение затрат, связанных с обучением работника",ст. 249 ТК РФ
https://rulaws.ru/tk/CHAST-TRETYA/Razdel-XI/Glava-39/Statya-250/,"Статья 250. Снижение органом по рассмотрению трудовых споров размера ущерба, подлежащего взысканию с работника",ст. 250 ТК РФ
https://rulaws.ru/tk/CHAST-CHETVERTAYA/Razdel-XII/,Раздел XII. ОСОБЕННОСТИ РЕГУЛИРОВАНИЯ ТРУДА ОТДЕЛЬНЫХ КАТЕГОРИЙ РАБОТНИКОВ,
https://rulaws.ru/tk/CHAST-CHETVERTAYA/Razdel-XII/Glava-40/Statya-251/,Статья 251. Особенности регулирования труда,ст. 251 ТК РФ
https://rulaws.ru/tk/CHAST-CHETVERTAYA/Razdel-XII/Glava-40/Statya-252/,Статья 252. Основания и порядок установления особенностей регулирования труда,ст. 252 ТК РФ
https://rulaws.ru/tk/CHAST-CHETVERTAYA/Razdel-XII/Glava-41/Statya-253/,Статья 253. Обеспечение охраны здоровья женщин на отдельных работах,ст. 253 ТК РФ
https://rulaws.ru/tk/CHAST-CHETVERTAYA/Razdel-XII/Glava-41/Statya-254/,"Статья 254. Перевод на другую работу беременных женщин и женщин, имеющих детей в возрасте до полутора лет",ст. 254 ТК РФ
https://rulaws.ru/tk/CHAST-CHETVERTAYA/Razdel-XII/Glava-41/Statya-255/,Статья 255. Отпуска по беременности и родам,ст. 255 ТК РФ
https://rulaws.ru/tk/CHAST-CHETVERTAYA/Razdel-XII/Glava-41/Statya-256/,Статья 256. Отпуска по уходу за ребенком,ст. 256 ТК РФ
https://rulaws.ru/tk/CHAST-CHETVERTAYA/Razdel-XII/Glava-41/Statya-257/,"Статья 257. Отпуска работникам, усыновившим ребенка",ст. 257 ТК РФ
https://rulaws.ru/tk/CHAST-CHETVERTAYA/Razdel-XII/Glava-41/Statya-258/,Статья 258. Перерывы для кормления ребенка,ст. 258 ТК РФ
https://rulaws.ru/tk/CHAST-CHETVERTAYA/Razdel-XII/Glava-41/Statya-259/,"Статья 259. Гарантии беременным женщинам и лицам с семейными обязанностями при направлении в служебные командировки, привлечении к сверхурочной работе, работе в ночное время, выходные и нерабочие праздничные дни",ст. 259 ТК РФ
https://rulaws.ru/tk/CHAST-CHETVERTAYA/Razdel-XII/Glava-41/Statya-260/,Статья 260. Гарантии женщинам в связи с беременностью и родами при установлении очередности предоставления ежегодных оплачиваемых отпусков,ст. 260 ТК РФ
https://rulaws.ru/tk/CHAST-CHETVERTAYA/Razdel-XII/Glava-41/Statya-261/,Статья 261. Гарантии беременной женщине и лицам с семейными обязанностями при расторжении трудового договора,ст. 261 ТК РФ
https://rulaws.ru/tk/CHAST-CHETVERTAYA/Razdel-XII/Glava-41/Statya-262/,"Статья 262. Дополнительные выходные дни лицам, осуществляющим уход за детьми-инвалидами",ст. 262 ТК РФ
https://rulaws.ru/tk/CHAST-CHETVERTAYA/Razdel-XII/Glava-41/Statya-262.1/,"Статья 262.1. Очередность предоставления ежегодных оплачиваемых отпусков лицам, воспитывающим детей-инвалидов",ст. 262.1 ТК РФ
https://rulaws.ru/tk/CHAST-CHETVERTAYA/Razdel-XII/Glava-41/Statya-262.2/,"Статья 262.2. Очередность предоставления ежегодных оплачиваемых отпусков работникам, имеющим трех и более детей",ст. 262.2 ТК РФ
https://rulaws.ru/tk/CHAST-CHETVERTAYA/Razdel-XII/Glava-41/Statya-263/,"Статья 263. Дополнительные отпуска без сохранения заработной платы лицам, осуществляющим уход за детьми, инвалидами",ст. 263 ТК РФ
https://rulaws.ru/tk/CHAST-CHETVERTAYA/Razdel-XII/Glava-41/Statya-263.1/,"Статья 263.1. Дополнительные гарантии женщинам, работающим в сельской местности",ст. 263.1 ТК РФ
https://rulaws.ru/tk/CHAST-CHETVERTAYA/Razdel-XII/Glava-41/Statya-264/,"Статья 264. Гарантии и льготы лицам, воспитывающим детей без матери",ст. 264 ТК РФ
https://rulaws.ru/tk/CHAST-CHETVERTAYA/Razdel-XII/Glava-42/Statya-265/,"Статья 265. Работы, на которых запрещается применение труда лиц в возрасте до восемнадцати лет",ст. 265 ТК РФ
https://rulaws.ru/tk/CHAST-CHETVERTAYA/Razdel-XII/Glava-42/Statya-266/,Статья 266. Медицинские осмотры лиц в возрасте до восемнадцати лет,ст. 266 ТК РФ
https://rulaws.ru/tk/CHAST-CHETVERTAYA/Razdel-XII/Glava-42/Statya-267/,Статья 267. Ежегодный основной оплачиваемый отпуск работникам в возрасте до восемнадцати лет,ст. 267 ТК РФ
https://rulaws.ru/tk/CHAST-CHETVERTAYA/Razdel-XII/Glava-42/Statya-268/,"Статья 268. Запрещение направления в служебные командировки, привлечения к сверхурочной работе, работе в ночное время, в выходные и нерабочие праздничные дни работников в возрасте до восемнадцати лет",ст. 268 ТК РФ
https://rulaws.ru/tk/CHAST-CHETVERTAYA/Razdel-XII/Glava-42/Statya-269/,Статья 269. Дополнительные гарантии работникам в возрасте до восемнадцати лет при расторжении трудового договора,ст. 269 ТК РФ
https://rulaws.ru/tk/CHAST-CHETVERTAYA/Razdel-XII/Glava-42/Statya-270/,Статья 270. Нормы выработки для работников в возрасте до восемнадцати лет,ст. 270 ТК РФ
https://rulaws.ru/tk/CHAST-CHETVERTAYA/Razdel-XII/Glava-42/Statya-271/,Статья 271. Оплата труда работников в возрасте до восемнадцати лет при сокращенной продолжительности ежедневной работы,ст. 271 ТК РФ
https://rulaws.ru/tk/CHAST-CHETVERTAYA/Razdel-XII/Glava-42/Statya-272/,Статья 272. Особенности трудоустройства лиц в возрасте до восемнадцати лет,ст. 272 ТК РФ
https://rulaws.ru/tk/CHAST-CHETVERTAYA/Razdel-XII/Glava-43/Statya-273/,Статья 273. Общие положения,ст. 273 ТК РФ
https://rulaws.ru/tk/CHAST-CHETVERTAYA/Razdel-XII/Glava-43/Statya-274/,Статья 274. Правовые основы регулирования труда руководителя организации,ст. 274 ТК РФ
https://rulaws.ru/tk/CHAST-CHETVERTAYA/Razdel-XII/Glava-43/Statya-275/,Статья 275. Заключение трудового договора с руководителем организации,ст. 275 ТК РФ
https://rulaws.ru/tk/CHAST-CHETVERTAYA/Razdel-XII/Glava-43/Statya-276/,Статья 276. Работа руководителя организации по совместительству,ст. 276 ТК РФ
https://rulaws.ru/tk/CHAST-CHETVERTAYA/Razdel-XII/Glava-43/Statya-277/,Статья 277. Материальная ответственность руководителя организации,ст. 277 ТК РФ
https://rulaws.ru/tk/CHAST-CHETVERTAYA/Razdel-XII/Glava-43/Statya-278/,Статья 278. Дополнительные основания для прекращения трудового договора с руководителем организации,ст. 278 ТК РФ
https://rulaws.ru/tk/CHAST-CHETVERTAYA/Razdel-XII/Glava-43/Statya-279/,Статья 279. Гарантии руководителю организации в случае прекращения трудового договора,ст. 279 ТК РФ
https://rulaws.ru/tk/CHAST-CHETVERTAYA/Razdel-XII/Glava-43/Statya-280/,Статья 280. Досрочное расторжение трудового договора по инициативе руководителя организации,ст. 280 ТК РФ
https://rulaws.ru/tk/CHAST-CHETVERTAYA/Razdel-XII/Glava-43/Statya-281/,Статья 281. Особенности регулирования труда членов коллегиального исполнительного органа организации,ст. 281 ТК РФ
https://rulaws.ru/tk/CHAST-CHETVERTAYA/Razdel-XII/Glava-44/Statya-282/,Статья 282. Общие положения о работе по совместительству,ст. 282 ТК РФ
https://rulaws.ru/tk/CHAST-CHETVERTAYA/Razdel-XII/Glava-44/Statya-283/,"Статья 283. Документы, предъявляемые при приеме на работу по совместительству",ст. 283 ТК РФ
https://rulaws.ru/tk/CHAST-CHETVERTAYA/Razdel-XII/Glava-44/Statya-284/,Статья 284. Продолжительность рабочего времени при работе по совместительству,ст. 284 ТК РФ
https://rulaws.ru/tk/CHAST-CHETVERTAYA/Razdel-XII/Glava-44/Statya-285/,"Статья 285. Оплата труда лиц, работающих по совместительству",ст. 285 ТК РФ
https://rulaws.ru/tk/CHAST-CHETVERTAYA/Razdel-XII/Glava-44/Statya-286/,Статья 286. Отпуск при работе по совместительству,ст. 286 ТК РФ
https://rulaws.ru/tk/CHAST-CHETVERTAYA/Razdel-XII/Glava-44/Statya-287/,"Статья 287. Гарантии и компенсации лицам, работающим по совместительству",ст. 287 ТК РФ
https://rulaws.ru/tk/CHAST-CHETVERTAYA/Razdel-XII/Glava-44/Statya-288/,"Статья 288. Дополнительные основания прекращения трудового договора с лицами, работающими по совместительству",ст. 288 ТК РФ
https://rulaws.ru/tk/CHAST-CHETVERTAYA/Razdel-XII/Glava-45/Statya-289/,Статья 289. Заключение трудового договора на срок до двух месяцев,ст. 289 ТК РФ
https://rulaws.ru/tk/CHAST-CHETVERTAYA/Razdel-XII/Glava-45/Statya-290/,Статья 290. Привлечение к работе в выходные и нерабочие праздничные дни,ст. 290 ТК РФ
https://rulaws.ru/tk/CHAST-CHETVERTAYA/Razdel-XII/Glava-45/Statya-291/,Статья 291. Оплачиваемые отпуска,ст. 291 ТК РФ
https://rulaws.ru/tk/CHAST-CHETVERTAYA/Razdel-XII/Glava-45/Statya-292/,Статья 292. Расторжение трудового договора,ст. 292 ТК РФ
https://rulaws.ru/tk/CHAST-CHETVERTAYA/Razdel-XII/Glava-46/Statya-293/,Статья 293. Сезонные работы,ст. 293 ТК РФ
https://rulaws.ru/tk/CHAST-CHETVERTAYA/Razdel-XII/Glava-46/Statya-294/,Статья 294. Особенности заключения трудового договора о выполнении сезонных работ,ст. 294 ТК РФ
https://rulaws.ru/tk/CHAST-CHETVERTAYA/Razdel-XII/Glava-46/Statya-295/,"Статья 295. Оплачиваемые отпуска работникам, занятым на сезонных работах",ст. 295 ТК РФ
https://rulaws.ru/tk/CHAST-CHETVERTAYA/Razdel-XII/Glava-46/Statya-296/,"Статья 296. Расторжение трудового договора с работниками, занятыми на сезонных работах",ст. 296 ТК РФ
https://rulaws.ru/tk/CHAST-CHETVERTAYA/Razdel-XII/Glava-47/Statya-297/,Статья 297. Общие положения о работе вахтовым методом,ст. 297 ТК РФ
https://rulaws.ru/tk/CHAST-CHETVERTAYA/Razdel-XII/Glava-47/Statya-298/,Статья 298. Ограничения на работы вахтовым методом,ст. 298 ТК РФ
https://rulaws.ru/tk/CHAST-CHETVERTAYA/Razdel-XII/Glava-47/Statya-299/,Статья 299. Продолжительность вахты,ст. 299 ТК РФ
https://rulaws.ru/tk/CHAST-CHETVERTAYA/Razdel-XII/Glava-47/Statya-300/,Статья 300. Учет рабочего времени при работе вахтовым методом,ст. 300 ТК РФ
https://rulaws.ru/tk/CHAST-CHETVERTAYA/Razdel-XII/Glava-47/Statya-301/,Статья 301. Режимы труда и отдыха при работе вахтовым методом,ст. 301 ТК РФ
https://rulaws.ru/tk/CHAST-CHETVERTAYA/Razdel-XII/Glava-47/Statya-302/,"Статья 302. Гарантии и компенсации лицам, работающим вахтовым методом",ст. 302 ТК РФ
https://rulaws.ru/tk/CHAST-CHETVERTAYA/Razdel-XII/Glava-48/Statya-303/,Статья 303. Заключение трудового договора с работодателем - физическим лицом,ст. 303 ТК РФ
https://rulaws.ru/tk/CHAST-CHETVERTAYA/Razdel-XII/Glava-48/Statya-304/,Статья 304. Срок трудового договора,ст. 304 ТК РФ
https://rulaws.ru/tk/CHAST-CHETVERTAYA/Razdel-XII/Glava-48/Statya-305/,Статья 305. Режимы труда и отдыха,ст. 305 ТК РФ
https://rulaws.ru/tk/CHAST-CHETVERTAYA/Razdel-XII/Glava-48/Statya-306/,Статья 306. Изменение определенных сторонами условий трудового договора работодателем,ст. 306 ТК РФ
https://rulaws.ru/tk/CHAST-CHETVERTAYA/Razdel-XII/Glava-48/Statya-307/,Статья 307. Прекращение трудового договора,ст. 307 ТК РФ
https://rulaws.ru/tk/CHAST-CHETVERTAYA/Razdel-XII/Glava-48/Statya-308/,Статья 308. Разрешение индивидуальных трудовых споров,ст. 308 ТК РФ
https://rulaws.ru/tk/CHAST-CHETVERTAYA/Razdel-XII/Glava-48/Statya-309/,"Статья 309. Документы, подтверждающие период работы у работодателей - физических лиц",ст. 309 ТК РФ
https://rulaws.ru/tk/CHAST-CHETVERTAYA/Razdel-XII/Glava-48.1/Statya-309.1/,Статья 309.1. Общие положения,ст. 309.1 ТК РФ
https://rulaws.ru/tk/CHAST-CHETVERTAYA/Razdel-XII/Glava-48.1/Statya-309.2/,"Статья 309.2. Регулирование трудовых отношений и иных непосредственно связанных с ними отношений у работодателя - субъекта малого предпринимательства, который отнесен к микропредприятиям, и у работодателя - некоммерческой организации локальными нормативными актами, содержащими нормы трудового права, и трудовыми договорами",ст. 309.2 ТК РФ
https://rulaws.ru/tk/CHAST-CHETVERTAYA/Razdel-XII/Glava-49/Statya-310/,Статья 310. Надомники,ст. 310 ТК РФ
https://rulaws.ru/tk/CHAST-CHETVERTAYA/Razdel-XII/Glava-49/Statya-311/,"Статья 311. Условия, при которых допускается надомный труд",ст. 311 ТК РФ
https://rulaws.ru/tk/CHAST-CHETVERTAYA/Razdel-XII/Glava-49/Statya-312/,Статья 312. Расторжение трудового договора с надомниками,ст. 312 ТК РФ
https://rulaws.ru/tk/CHAST-CHETVERTAYA/Razdel-XII/Glava-49.1/Statya-312.1/,Статья 312.1. Общие положения,ст. 312.1 ТК РФ
https://rulaws.ru/tk/CHAST-CHETVERTAYA/Razdel-XII/Glava-49.1/Statya-312.2/,"Статья 312.2. Особенности заключения трудового договора и дополнительного соглашения к трудовому договору, предусматривающих выполнение работником трудовой функции дистанционно",ст. 312.2 ТК РФ
https://rulaws.ru/tk/CHAST-CHETVERTAYA/Razdel-XII/Glava-49.1/Statya-312.3/,Статья 312.3. Особенности порядка взаимодействия дистанционного работника и работодателя,ст. 312.3 ТК РФ
https://rulaws.ru/tk/CHAST-CHETVERTAYA/Razdel-XII/Glava-49.1/Statya-312.4/,Статья 312.4. Особенности режима рабочего времени и времени отдыха дистанционного работника,ст. 312.4 ТК РФ
https://rulaws.ru/tk/CHAST-CHETVERTAYA/Razdel-XII/Glava-49.1/Statya-312.5/,Статья 312.5. Дополнительные гарантии по оплате труда дистанционного работника,ст. 312.5 ТК РФ
https://rulaws.ru/tk/CHAST-CHETVERTAYA/Razdel-XII/Glava-49.1/Statya-312.6/,Статья 312.6. Особенности организации труда дистанционных работников,ст. 312.6 ТК РФ
https://rulaws.ru/tk/CHAST-CHETVERTAYA/Razdel-XII/Glava-49.1/Statya-312.7/,Статья 312.7. Особенности охраны труда дистанционных работников,ст. 312.7 ТК РФ
https://rulaws.ru/tk/CHAST-CHETVERTAYA/Razdel-XII/Glava-49.1/Statya-312.8/,Статья 312.8. Дополнительные основания прекращения трудового договора с дистанционным работником,ст. 312.8 ТК РФ
https://rulaws.ru/tk/CHAST-CHETVERTAYA/Razdel-XII/Glava-49.1/Statya-312.9/,Статья 312.9. Порядок временного перевода работника на дистанционную работу по инициативе работодателя в исключительных случаях,ст. 312.9 ТК РФ
https://rulaws.ru/tk/CHAST-CHETVERTAYA/Razdel-XII/Glava-50/Statya-313/,"Статья 313. Гарантии и компенсации лицам, работающим в районах Крайнего Севера и приравненных к ним местностях",ст. 313 ТК РФ
https://rulaws.ru/tk/CHAST-CHETVERTAYA/Razdel-XII/Glava-50/Statya-314/,"Статья 314. Трудовой стаж, необходимый для получения гарантий и компенсаций",ст. 314 ТК РФ
https://rulaws.ru/tk/CHAST-CHETVERTAYA/Razdel-XII/Glava-50/Statya-315/,Статья 315. Оплата труда,ст. 315 ТК РФ
https://rulaws.ru/tk/CHAST-CHETVERTAYA/Razdel-XII/Glava-50/Statya-316/,Статья 316. Районный коэффициент к заработной плате,ст. 316 ТК РФ
https://rulaws.ru/tk/CHAST-CHETVERTAYA/Razdel-XII/Glava-50/Statya-317/,Статья 317. Процентная надбавка к заработной плате,ст. 317 ТК РФ
https://rulaws.ru/tk/CHAST-CHETVERTAYA/Razdel-XII/Glava-50/Statya-318/,"Статья 318. Государственные гарантии работнику, увольняемому в связи с ликвидацией организации либо сокращением численности или штата работников организации",ст. 318 ТК РФ
https://rulaws.ru/tk/CHAST-CHETVERTAYA/Razdel-XII/Glava-50/Statya-319/,Статья 319. Дополнительный выходной день,ст. 319 ТК РФ
https://rulaws.ru/tk/CHAST-CHETVERTAYA/Razdel-XII/Glava-50/Statya-320/,Статья 320. Сокращенная рабочая неделя,ст. 320 ТК РФ
https://rulaws.ru/tk/CHAST-CHETVERTAYA/Razdel-XII/Glava-50/Statya-321/,Статья 321. Ежегодный дополнительный оплачиваемый отпуск,ст. 321 ТК РФ
https://rulaws.ru/tk/CHAST-CHETVERTAYA/Razdel-XII/Glava-50/Statya-322/,Статья 322. Порядок предоставления и соединения ежегодных оплачиваемых отпусков,ст. 322 ТК РФ
https://rulaws.ru/tk/CHAST-CHETVERTAYA/Razdel-XII/Glava-50/Statya-323/,Статья 323. Гарантии медицинского обеспечения,ст. 323 ТК РФ
https://rulaws.ru/tk/CHAST-CHETVERTAYA/Razdel-XII/Glava-50/Statya-324/,"Статья 324. Заключение трудового договора с лицами, привлекаемыми на работу в районы Крайнего Севера и приравненные к ним местности из других местностей",ст. 324 ТК РФ
https://rulaws.ru/tk/CHAST-CHETVERTAYA/Razdel-XII/Glava-50/Statya-325/,Статья 325. Компенсация расходов на оплату стоимости проезда и провоза багажа к месту использования отпуска и обратно,ст. 325 ТК РФ
https://rulaws.ru/tk/CHAST-CHETVERTAYA/Razdel-XII/Glava-50/Statya-326/,"Статья 326. Компенсации расходов, связанных с переездом",ст. 326 ТК РФ
https://rulaws.ru/tk/CHAST-CHETVERTAYA/Razdel-XII/Glava-50/Statya-327/,Статья 327. Другие гарантии и компенсации,ст. 327 ТК РФ
https://rulaws.ru/tk/CHAST-CHETVERTAYA/Razdel-XII/Glava-50.1/Statya-327.1/,Статья 327.1. Общие положения,ст. 327.1 ТК РФ
https://rulaws.ru/tk/CHAST-CHETVERTAYA/Razdel-XII/Glava-50.1/Statya-327.2/,"Статья 327.2. Особенности заключения трудового договора с работником, являющимся иностранным гражданином или лицом без гражданства",ст. 327.2 ТК РФ
https://rulaws.ru/tk/CHAST-CHETVERTAYA/Razdel-XII/Glava-50.1/Statya-327.3/,"Статья 327.3. Документы, предъявляемые иностранным гражданином или лицом без гражданства при приеме на работу",ст. 327.3 ТК РФ
https://rulaws.ru/tk/CHAST-CHETVERTAYA/Razdel-XII/Glava-50.1/Statya-327.4/,"Статья 327.4. Особенности временного перевода работника, являющегося иностранным гражданином или лицом без гражданства",ст. 327.4 ТК РФ
https://rulaws.ru/tk/CHAST-CHETVERTAYA/Razdel-XII/Glava-50.1/Statya-327.5/,"Статья 327.5. Особенности отстранения от работы работника, являющегося иностранным гражданином или лицом без гражданства",ст. 327.5 ТК РФ
https://rulaws.ru/tk/CHAST-CHETVERTAYA/Razdel-XII/Glava-50.1/Statya-327.6/,"Статья 327.6. Особенности прекращения трудового договора с работником, являющимся иностранным гражданином или лицом без гражданства",ст. 327.6 ТК РФ
https://rulaws.ru/tk/CHAST-CHETVERTAYA/Razdel-XII/Glava-50.1/Statya-327.7/,"Статья 327.7. Особенности выплаты выходного пособия работнику, являющемуся иностранным гражданином или лицом без гражданства",ст. 327.7 ТК РФ
https://rulaws.ru/tk/CHAST-CHETVERTAYA/Razdel-XII/Glava-51/Statya-328/,"Статья 328. Прием на работу, непосредственно связанную с движением транспортных средств",ст. 328 ТК РФ
https://rulaws.ru/tk/CHAST-CHETVERTAYA/Razdel-XII/Glava-51/Statya-328.1/,"Статья 328.1. Ограничения на занятие трудовой деятельностью, непосредственно связанной с управлением легковыми такси, автобусами, трамваями, троллейбусами и подвижным составом внеуличного транспорта при осуществлении перевозок пассажиров и багажа",ст. 328.1 ТК РФ
https://rulaws.ru/tk/CHAST-CHETVERTAYA/Razdel-XII/Glava-51/Statya-329/,"Статья 329. Рабочее время и время отдыха работников, труд которых непосредственно связан с движением транспортных средств",ст. 329 ТК РФ
https://rulaws.ru/tk/CHAST-CHETVERTAYA/Razdel-XII/Glava-51/Statya-330/,"Статья 330. Дисциплина работников, труд которых непосредственно связан с движением транспортных средств",ст. 330 ТК РФ
https://rulaws.ru/tk/CHAST-CHETVERTAYA/Razdel-XII/Glava-51.1/Statya-330.1/,Статья 330.1. Общие положения,ст. 330.1 ТК РФ
https://rulaws.ru/tk/CHAST-CHETVERTAYA/Razdel-XII/Glava-51.1/Statya-330.2/,Статья 330.2. Особенности приема на подземные работы,ст. 330.2 ТК РФ
https://rulaws.ru/tk/CHAST-CHETVERTAYA/Razdel-XII/Glava-51.1/Statya-330.3/,"Статья 330.3. Медицинские осмотры работников, занятых на подземных работах",ст. 330.3 ТК РФ
https://rulaws.ru/tk/CHAST-CHETVERTAYA/Razdel-XII/Glava-51.1/Statya-330.4/,"Статья 330.4. Отстранение от работы работников, занятых на подземных работах",ст. 330.4 ТК РФ
https://rulaws.ru/tk/CHAST-CHETVERTAYA/Razdel-XII/Glava-51.1/Statya-330.5/,Статья 330.5. Дополнительные обязанности работодателя при организации и проведении подземных работ,ст. 330.5 ТК РФ
https://rulaws.ru/tk/CHAST-CHETVERTAYA/Razdel-XII/Glava-52/Statya-331/,Статья 331. Право на занятие педагогической деятельностью,ст. 331 ТК РФ
https://rulaws.ru/tk/CHAST-CHETVERTAYA/Razdel-XII/Glava-52/Statya-331.1/,Статья 331.1. Особенности отстранения от работы педагогических работников,ст. 331.1 ТК РФ
https://rulaws.ru/tk/CHAST-CHETVERTAYA/Razdel-XII/Glava-52/Statya-332/,"Статья 332. Особенности заключения и прекращения трудового договора с педагогическими работниками, относящимися к профессорско-преподавательскому составу",ст. 332 ТК РФ
https://rulaws.ru/tk/CHAST-CHETVERTAYA/Razdel-XII/Glava-52/Statya-332.1/,"Статья 332.1. Особенности заключения и прекращения трудового договора с руководителями, заместителями руководителей государственных и муниципальных образовательных организаций высшего образования и руководителями их филиалов",ст. 332.1 ТК РФ
https://rulaws.ru/tk/CHAST-CHETVERTAYA/Razdel-XII/Glava-52/Statya-333/,Статья 333. Продолжительность рабочего времени педагогических работников,ст. 333 ТК РФ
https://rulaws.ru/tk/CHAST-CHETVERTAYA/Razdel-XII/Glava-52/Statya-334/,Статья 334. Ежегодный основной удлиненный оплачиваемый отпуск,ст. 334 ТК РФ
https://rulaws.ru/tk/CHAST-CHETVERTAYA/Razdel-XII/Glava-52/Statya-335/,Статья 335. Длительный отпуск педагогических работников,ст. 335 ТК РФ
https://rulaws.ru/tk/CHAST-CHETVERTAYA/Razdel-XII/Glava-52/Statya-336/,"Статья 336. Дополнительные основания прекращения трудового договора с педагогическим работником, а также руководителем, заместителем руководителя государственной или муниципальной образовательной организации высшего образования и руководителем ее филиала",ст. 336 ТК РФ
https://rulaws.ru/tk/CHAST-CHETVERTAYA/Razdel-XII/GLAVA-52.1/,"ГЛАВА 52.1. ОСОБЕННОСТИ РЕГУЛИРОВАНИЯ ТРУДА НАУЧНЫХ РАБОТНИКОВ, РУКОВОДИТЕЛЕЙ НАУЧНЫХ ОРГАНИЗАЦИЙ, ИХ ЗАМЕСТИТЕЛЕЙ",
https://rulaws.ru/tk/CHAST-CHETVERTAYA/Razdel-XII/GLAVA-52.1/Statya-336.1/,Статья 336.1. Особенности заключения и прекращения трудового договора с научным работником,ст. 336.1 ТК РФ
https://rulaws.ru/tk/CHAST-CHETVERTAYA/Razdel-XII/GLAVA-52.1/Statya-336.2/,"Статья 336.2. Особенности заключения и прекращения трудового договора с руководителями, заместителями руководителей государственных и муниципальных научных организаций и руководителями их филиалов",ст. 336.2 ТК РФ
https://rulaws.ru/tk/CHAST-CHETVERTAYA/Razdel-XII/GLAVA-52.1/Statya-336.3/,"Статья 336.3. Дополнительные основания прекращения трудового договора с руководителем, заместителем руководителя научной организации",ст. 336.3 ТК РФ
https://rulaws.ru/tk/CHAST-CHETVERTAYA/Razdel-XII/Glava-53/Statya-337/,"Статья 337. Органы, направляющие работников в дипломатические представительства и консульские учреждения Российской Федерации, а также в представительства федеральных органов исполнительной власти и государственных учреждений Российской Федерации за границей",ст. 337 ТК РФ
https://rulaws.ru/tk/CHAST-CHETVERTAYA/Razdel-XII/Glava-53/Statya-338/,"Статья 338. Трудовой договор с работником, направляемым на работу в представительство Российской Федерации за границей",ст. 338 ТК РФ
https://rulaws.ru/tk/CHAST-CHETVERTAYA/Razdel-XII/Glava-53/Statya-339/,"Статья 339. Условия труда и отдыха работников, направляемых на работу в представительства Российской Федерации за границей",ст. 339 ТК РФ
https://rulaws.ru/tk/CHAST-CHETVERTAYA/Razdel-XII/Glava-53/Statya-340/,"Статья 340. Гарантии и компенсации работникам, направляемым на работу в представительства Российской Федерации за границей",ст. 340 ТК РФ
https://rulaws.ru/tk/CHAST-CHETVERTAYA/Razdel-XII/Glava-53/Statya-341/,Статья 341. Основания прекращения работы в представительстве Российской Федерации за границей,ст. 341 ТК РФ
https://rulaws.ru/tk/CHAST-CHETVERTAYA/Razdel-XII/Glava-53.1/Statya-341.1/,Статья 341.1. Общие положения,ст. 341.1 ТК РФ
https://rulaws.ru/tk/CHAST-CHETVERTAYA/Razdel-XII/Glava-53.1/Statya-341.2/,"Статья 341.2. Особенности регулирования труда работников, направляемых временно частным агентством занятости к другим физическим лицам или юридическим лицам по договору о предоставлении труда работников (персонала)",ст. 341.2 ТК РФ
https://rulaws.ru/tk/CHAST-CHETVERTAYA/Razdel-XII/Glava-53.1/Statya-341.3/,"Статья 341.3. Особенности регулирования труда работников, направляемых временно работодателем, не являющимся частным агентством занятости, к другим юридическим лицам по договору о предоставлении труда работников (персонала)",ст. 341.3 ТК РФ
https://rulaws.ru/tk/CHAST-CHETVERTAYA/Razdel-XII/Glava-53.1/Statya-341.4/,"Статья 341.4. Расследование несчастного случая, происшедшего с работником, направленным временно для работы по договору о предоставлении труда работников (персонала) и участвовавшим в производственной деятельности принимающей стороны",ст. 341.4 ТК РФ
https://rulaws.ru/tk/CHAST-CHETVERTAYA/Razdel-XII/Glava-53.1/Statya-341.5/,"Статья 341.5. Субсидиарная ответственность по обязательствам работодателя, вытекающим из трудовых отношений с работниками, направленными временно для работы по договору о предоставлении труда работников (персонала)",ст. 341.5 ТК РФ
https://rulaws.ru/tk/CHAST-CHETVERTAYA/Razdel-XII/Glava-54/Statya-342/,Статья 342. Стороны трудового договора в религиозной организации,ст. 342 ТК РФ
https://rulaws.ru/tk/CHAST-CHETVERTAYA/Razdel-XII/Glava-54/Statya-343/,Статья 343. Внутренние установления религиозной организации,ст. 343 ТК РФ
https://rulaws.ru/tk/CHAST-CHETVERTAYA/Razdel-XII/Glava-54/Statya-344/,Статья 344. Особенности заключения трудового договора с религиозной организацией и его изменения,ст. 344 ТК РФ
https://rulaws.ru/tk/CHAST-CHETVERTAYA/Razdel-XII/Glava-54/Statya-345/,"Статья 345. Режим рабочего времени лиц, работающих в религиозных организациях",ст. 345 ТК РФ
https://rulaws.ru/tk/CHAST-CHETVERTAYA/Razdel-XII/Glava-54/Statya-345.1/,Статья 345.1. Особенности распространения регионального соглашения о минимальной заработной плате на работодателя - религиозную организацию,ст. 345.1 ТК РФ
https://rulaws.ru/tk/CHAST-CHETVERTAYA/Razdel-XII/Glava-54/Statya-346/,Статья 346. Материальная ответственность работников религиозных организаций,ст. 346 ТК РФ
https://rulaws.ru/tk/CHAST-CHETVERTAYA/Razdel-XII/Glava-54/Statya-347/,Статья 347. Прекращение трудового договора с работником религиозной организации,ст. 347 ТК РФ
https://rulaws.ru/tk/CHAST-CHETVERTAYA/Razdel-XII/Glava-54/Statya-348/,Статья 348. Рассмотрение индивидуальных трудовых споров работников религиозных организаций,ст. 348 ТК РФ
https://rulaws.ru/tk/CHAST-CHETVERTAYA/Razdel-XII/Glava-54.1/Statya-348.1/,Статья 348.1. Общие положения,ст. 348.1 ТК РФ
https://rulaws.ru/tk/CHAST-CHETVERTAYA/Razdel-XII/Glava-54.1/Statya-348.2/,"Статья 348.2. Особенности заключения трудовых договоров со спортсменами, с тренерами",ст. 348.2 ТК РФ
https://rulaws.ru/tk/CHAST-CHETVERTAYA/Razdel-XII/Glava-54.1/Statya-348.3/,Статья 348.3. Медицинские осмотры спортсменов,ст. 348.3 ТК РФ
https://rulaws.ru/tk/CHAST-CHETVERTAYA/Razdel-XII/Glava-54.1/Statya-348.4/,Статья 348.4. Временный перевод спортсмена к другому работодателю,ст. 348.4 ТК РФ
https://rulaws.ru/tk/CHAST-CHETVERTAYA/Razdel-XII/Glava-54.1/Statya-348.5/,Статья 348.5. Отстранение спортсмена от участия в спортивных соревнованиях,ст. 348.5 ТК РФ
https://rulaws.ru/tk/CHAST-CHETVERTAYA/Razdel-XII/Glava-54.1/Statya-348.6/,"Статья 348.6. Направление спортсменов, тренеров в спортивные сборные команды Российской Федерации",ст. 348.6 ТК РФ
https://rulaws.ru/tk/CHAST-CHETVERTAYA/Razdel-XII/Glava-54.1/Statya-348.7/,"Статья 348.7. Особенности работы спортсмена, тренера по совместительству",ст. 348.7 ТК РФ
https://rulaws.ru/tk/CHAST-CHETVERTAYA/Razdel-XII/Glava-54.1/Statya-348.8/,Статья 348.8. Особенности регулирования труда спортсменов в возрасте до восемнадцати лет,ст. 348.8 ТК РФ
https://rulaws.ru/tk/CHAST-CHETVERTAYA/Razdel-XII/Glava-54.1/Statya-348.9/,Статья 348.9. Особенности регулирования труда женщин-спортсменов,ст. 348.9 ТК РФ
https://rulaws.ru/tk/CHAST-CHETVERTAYA/Razdel-XII/Glava-54.1/Statya-348.10/,"Статья 348.10. Дополнительные гарантии и компенсации спортсменам, тренерам",ст. 348.10 ТК РФ
https://rulaws.ru/tk/CHAST-CHETVERTAYA/Razdel-XII/Glava-54.1/Statya-348.11/,Статья 348.11. Дополнительные основания прекращения трудового договора со спортсменом,ст. 348.11 ТК РФ
https://rulaws.ru/tk/CHAST-CHETVERTAYA/Razdel-XII/Glava-54.1/Statya-348.11-1/,Статья 348.11-1. Дополнительные основания прекращения трудового договора с тренером,ст. 348.11 ТК РФ
https://rulaws.ru/tk/CHAST-CHETVERTAYA/Razdel-XII/Glava-54.1/Statya-348.12/,"Статья 348.12. Особенности расторжения трудового договора со спортсменом, с тренером",ст. 348.12 ТК РФ
https://rulaws.ru/tk/CHAST-CHETVERTAYA/Razdel-XII/Glava-54.1/Statya-348.13/,"Статья 348.13. Особенности рассмотрения индивидуальных трудовых споров спортсменов, тренеров в профессиональном спорте и спорте высших достижений",ст. 348.13 ТК РФ
https://rulaws.ru/tk/CHAST-CHETVERTAYA/Razdel-XII/Glava-55/Statya-349/,"Статья 349. Регулирование труда лиц, работающих в организациях Вооруженных Сил Российской Федерации, федеральных органах исполнительной власти и федеральных государственных органах, в которых законодательством Российской Федерации предусмотрена военная служба, а также работников, проходящих заменяющую военную службу альтернативную гражданскую службу",ст. 349 ТК РФ
https://rulaws.ru/tk/CHAST-CHETVERTAYA/Razdel-XII/Glava-55/Statya-349.1/,"Статья 349.1. Особенности регулирования труда работников государственных корпораций, публично-правовых компаний, государственных компаний",ст. 349.1 ТК РФ
https://rulaws.ru/tk/CHAST-CHETVERTAYA/Razdel-XII/Glava-55/Statya-349.2/,"Статья 349.2. Особенности регулирования труда работников Фонда пенсионного и социального страхования Российской Федерации, Федерального фонда обязательного медицинского страхования, иных организаций, созданных Российской Федерацией на основании федеральных законов, организаций, создаваемых для выполнения задач, поставленных перед федеральными государственными органами",ст. 349.2 ТК РФ
https://rulaws.ru/tk/CHAST-CHETVERTAYA/Razdel-XII/Glava-55/Statya-349.3/,"Статья 349.3. Ограничение размеров выходных пособий, компенсаций и иных выплат в связи с прекращением трудовых договоров для отдельных категорий работников",ст. 349.3 ТК РФ
https://rulaws.ru/tk/CHAST-CHETVERTAYA/Razdel-XII/Glava-55/Statya-349.4/,"Статья 349.4. Особенности регулирования труда отдельных категорий работников кредитных организаций, страховых организаций и негосударственных пенсионных фондов",ст. 349.4 ТК РФ
https://rulaws.ru/tk/CHAST-CHETVERTAYA/Razdel-XII/Glava-55/Statya-349.5/,"Статья 349.5. Размещение информации о среднемесячной заработной плате руководителей, их заместителей и главных бухгалтеров организаций в информационно-телекоммуникационной сети ""Интернет""",ст. 349.5 ТК РФ
https://rulaws.ru/tk/CHAST-CHETVERTAYA/Razdel-XII/Glava-55/Statya-349.6/,"Статья 349.6. Особенности регулирования труда работников государственных органов, органов местного самоуправления",ст. 349.6 ТК РФ
https://rulaws.ru/tk/CHAST-CHETVERTAYA/Razdel-XII/Glava-55/Statya-350/,Статья 350. Некоторые особенности регулирования труда медицинских работников,ст. 350 ТК РФ
https://rulaws.ru/tk/CHAST-CHETVERTAYA/Razdel-XII/Glava-55/Statya-351/,"Статья 351. Регулирование труда творческих работников средств массовой информации, организаций кинематографии, теле- и видеосъемочных коллективов, театров, театральных и концертных организаций, цирков и иных лиц, участвующих в создании и (или) исполнении (экспонировании) произведений или выступающих",ст. 351 ТК РФ
https://rulaws.ru/tk/CHAST-CHETVERTAYA/Razdel-XII/Glava-55/Statya-351.1/,"Статья 351.1. Ограничения на занятие трудовой деятельностью в сфере образования, воспитания, развития несовершеннолетних, организации их отдыха и оздоровления, медицинского обеспечения, социальной защиты и социального обслуживания, в сфере детско-юношеского спорта, культуры и искусства с участием несовершеннолетних",ст. 351.1 ТК РФ
https://rulaws.ru/tk/CHAST-CHETVERTAYA/Razdel-XII/Glava-55/Statya-351.2/,Статья 351.2. Утратила силу с 1 января 2019 года. - Федеральный закон от 07.06.2013 N 108-ФЗ.,ст. 351.2 ТК РФ
https://rulaws.ru/tk/CHAST-CHETVERTAYA/Razdel-XII/Glava-55/Statya-351.3/,Статья 351.3. Некоторые особенности регулирования труда работников в сфере проведения специальной оценки условий труда,ст. 351.3 ТК РФ
https://rulaws.ru/tk/CHAST-CHETVERTAYA/Razdel-XII/Glava-55/Statya-351.4/,"Статья 351.4. Дополнительные основания прекращения трудового договора с помощником, работником нотариуса",ст. 351.4 ТК РФ
https://rulaws.ru/tk/CHAST-CHETVERTAYA/Razdel-XII/Glava-55/Statya-351.5/,"Статья 351.5. Особенности трудовой деятельности лиц, работающих у резидентов территории опережающего развития",ст. 351.5 ТК РФ
https://rulaws.ru/tk/CHAST-CHETVERTAYA/Razdel-XII/Glava-55/Statya-351.6/,"Статья 351.6. Особенности регулирования труда работников в сфере электроэнергетики, сфере теплоснабжения, в области промышленной безопасности, области безопасности гидротехнических сооружений",ст. 351.6 ТК РФ
https://rulaws.ru/tk/CHAST-CHETVERTAYA/Razdel-XII/Glava-55/Statya-351.7/,"Статья 351.7. Особенности обеспечения трудовых прав работников, призванных на военную службу по мобилизации или поступивших на военную службу по контракту либо заключивших контракт о добровольном содействии в выполнении задач, возложенных на Вооруженные Силы Российской Федерации",ст. 351.7 ТК РФ
https://rulaws.ru/tk/CHAST-PYATAYA/Razdel-XIII/,"Раздел XIII. ЗАЩИТА ТРУДОВЫХ ПРАВ И СВОБОД. РАССМОТРЕНИЕ И РАЗРЕШЕНИЕ ТРУДОВЫХ СПОРОВ. ОТВЕТСТВЕННОСТЬ ЗА НАРУШЕНИЕ ТРУДОВОГО ЗАКОНОДАТЕЛЬСТВА И ИНЫХ АКТОВ, СОДЕРЖАЩИХ НОРМЫ ТРУДОВОГО ПРАВА",
https://rulaws.ru/tk/CHAST-PYATAYA/Razdel-XIII/Glava-56/Statya-352/,Статья 352. Способы защиты трудовых прав и свобод,ст. 352 ТК РФ
https://rulaws.ru/tk/CHAST-PYATAYA/Razdel-XIII/Glava-57/Statya-353/,"Статья 353. Федеральный государственный контроль (надзор) за соблюдением трудового законодательства и иных нормативных правовых актов, содержащих нормы трудового права",ст. 353 ТК РФ
https://rulaws.ru/tk/CHAST-PYATAYA/Razdel-XIII/Glava-57/Statya-353.1/,"Статья 353.1. Ведомственный контроль за соблюдением трудового законодательства и иных нормативных правовых актов, содержащих нормы трудового права",ст. 353.1 ТК РФ
https://rulaws.ru/tk/CHAST-PYATAYA/Razdel-XIII/Glava-57/Statya-354/,Статья 354. Федеральная инспекция труда,ст. 354 ТК РФ
https://rulaws.ru/tk/CHAST-PYATAYA/Razdel-XIII/Glava-57/Statya-355/,Статья 355. Принципы деятельности и основные задачи федеральной инспекции труда,ст. 355 ТК РФ
https://rulaws.ru/tk/CHAST-PYATAYA/Razdel-XIII/Glava-57/Statya-356/,Статья 356. Основные полномочия федеральной инспекции труда,ст. 356 ТК РФ
https://rulaws.ru/tk/CHAST-PYATAYA/Razdel-XIII/Glava-57/Statya-357/,Статья 357. Основные права государственных инспекторов труда,ст. 357 ТК РФ
https://rulaws.ru/tk/CHAST-PYATAYA/Razdel-XIII/Glava-57/Statya-358/,Статья 358. Обязанности государственных инспекторов труда,ст. 358 ТК РФ
https://rulaws.ru/tk/CHAST-PYATAYA/Razdel-XIII/Glava-57/Statya-359/,Статья 359. Независимость государственных инспекторов труда,ст. 359 ТК РФ
https://rulaws.ru/tk/CHAST-PYATAYA/Razdel-XIII/Glava-57/Statya-360/,Статья 360. Утратила силу с 1 июля 2021 года. - Федеральный закон от 28.06.2021 N 220-ФЗ.,ст. 360 ТК РФ
https://rulaws.ru/tk/CHAST-PYATAYA/Razdel-XIII/Glava-57/Statya-360.1/,"Статья 360.1. Порядок принудительного исполнения обязанности работодателя по выплате начисленных, но не выплаченных в установленный срок работнику заработной платы и (или) других выплат, осуществляемых в рамках трудовых отношений",ст. 360.1 ТК РФ
https://rulaws.ru/tk/CHAST-PYATAYA/Razdel-XIII/Glava-57/Statya-361/,"Статья 361. Обжалование решений федеральной инспекции труда, действий (бездействия) ее должностных лиц",ст. 361 ТК РФ
https://rulaws.ru/tk/CHAST-PYATAYA/Razdel-XIII/Glava-57/Statya-362/,"Статья 362. Ответственность за нарушение трудового законодательства и иных нормативных правовых актов, содержащих нормы трудового права",ст. 362 ТК РФ
https://rulaws.ru/tk/CHAST-PYATAYA/Razdel-XIII/Glava-57/Statya-363/,Статья 363. Ответственность за воспрепятствование деятельности государственных инспекторов труда,ст. 363 ТК РФ
https://rulaws.ru/tk/CHAST-PYATAYA/Razdel-XIII/Glava-57/Statya-364/,Статья 364. Ответственность государственных инспекторов труда,ст. 364 ТК РФ
https://rulaws.ru/tk/CHAST-PYATAYA/Razdel-XIII/Glava-57/Statya-365/,"Статья 365. Взаимодействие федеральной инспекции труда с государственными органами, органами местного самоуправления и организациями",ст. 365 ТК РФ
https://rulaws.ru/tk/CHAST-PYATAYA/Razdel-XIII/Glava-57/Statya-366/,Статья 366. Федеральный государственный надзор в области промышленной безопасности,ст. 366 ТК РФ
https://rulaws.ru/tk/CHAST-PYATAYA/Razdel-XIII/Glava-57/Statya-367/,Статья 367. Федеральный государственный энергетический надзор,ст. 367 ТК РФ
https://rulaws.ru/tk/CHAST-PYATAYA/Razdel-XIII/Glava-57/Statya-368/,Статья 368. Федеральный государственный санитарно-эпидемиологический надзор,ст. 368 ТК РФ
https://rulaws.ru/tk/CHAST-PYATAYA/Razdel-XIII/Glava-57/Statya-369/,Статья 369. Государственный надзор за соблюдением требований ядерной и радиационной безопасности,ст. 369 ТК РФ
https://rulaws.ru/tk/CHAST-PYATAYA/Razdel-XIII/Glava-58/Statya-370/,"Статья 370. Право профессиональных союзов на осуществление контроля за соблюдением трудового законодательства и иных нормативных правовых актов, содержащих нормы трудового права, выполнением условий коллективных договоров, соглашений",ст. 370 ТК РФ
https://rulaws.ru/tk/CHAST-PYATAYA/Razdel-XIII/Glava-58/Statya-371/,Статья 371. Принятие решений работодателем с учетом мнения профсоюзного органа,ст. 371 ТК РФ
https://rulaws.ru/tk/CHAST-PYATAYA/Razdel-XIII/Glava-58/Statya-372/,Статья 372. Порядок учета мнения выборного органа первичной профсоюзной организации при принятии локальных нормативных актов,ст. 372 ТК РФ
https://rulaws.ru/tk/CHAST-PYATAYA/Razdel-XIII/Glava-58/Statya-373/,Статья 373. Порядок учета мотивированного мнения выборного органа первичной профсоюзной организации при расторжении трудового договора по инициативе работодателя,ст. 373 ТК РФ
https://rulaws.ru/tk/CHAST-PYATAYA/Razdel-XIII/Glava-58/Statya-374/,"Статья 374. Гарантии работникам, входящим в состав выборных коллегиальных органов профсоюзных организаций и не освобожденным от основной работы",ст. 374 ТК РФ
https://rulaws.ru/tk/CHAST-PYATAYA/Razdel-XIII/Glava-58/Statya-375/,Статья 375. Гарантии освобожденным профсоюзным работникам,ст. 375 ТК РФ
https://rulaws.ru/tk/CHAST-PYATAYA/Razdel-XIII/Glava-58/Statya-376/,"Статья 376. Гарантии права на труд работникам, являвшимся членами выборного профсоюзного органа",ст. 376 ТК РФ
https://rulaws.ru/tk/CHAST-PYATAYA/Razdel-XIII/Glava-58/Statya-377/,Статья 377. Обязанности работодателя по созданию условий для осуществления деятельности выборного органа первичной профсоюзной организации,ст. 377 ТК РФ
https://rulaws.ru/tk/CHAST-PYATAYA/Razdel-XIII/Glava-58/Statya-378/,Статья 378. Ответственность за нарушение прав профессиональных союзов,ст. 378 ТК РФ
https://rulaws.ru/tk/CHAST-PYATAYA/Razdel-XIII/Glava-59/Statya-379/,Статья 379. Формы самозащиты,ст. 379 ТК РФ
https://rulaws.ru/tk/CHAST-PYATAYA/Razdel-XIII/Glava-59/Statya-380/,Статья 380. Обязанность работодателя не препятствовать работникам в осуществлении самозащиты,ст. 380 ТК РФ
https://rulaws.ru/tk/CHAST-PYATAYA/Razdel-XIII/Glava-60/Statya-381/,Статья 381. Понятие индивидуального трудового спора,ст. 381 ТК РФ
https://rulaws.ru/tk/CHAST-PYATAYA/Razdel-XIII/Glava-60/Statya-382/,Статья 382. Органы по рассмотрению индивидуальных трудовых споров,ст. 382 ТК РФ
https://rulaws.ru/tk/CHAST-PYATAYA/Razdel-XIII/Glava-60/Statya-383/,Статья 383. Порядок рассмотрения трудовых споров,ст. 383 ТК РФ
https://rulaws.ru/tk/CHAST-PYATAYA/Razdel-XIII/Glava-60/Statya-384/,Статья 384. Образование комиссий по трудовым спорам,ст. 384 ТК РФ
https://rulaws.ru/tk/CHAST-PYATAYA/Razdel-XIII/Glava-60/Statya-385/,Статья 385. Компетенция комиссии по трудовым спорам,ст. 385 ТК РФ
https://rulaws.ru/tk/CHAST-PYATAYA/Razdel-XIII/Glava-60/Statya-386/,Статья 386. Срок обращения в комиссию по трудовым спорам,ст. 386 ТК РФ
https://rulaws.ru/tk/CHAST-PYATAYA/Razdel-XIII/Glava-60/Statya-387/,Статья 387. Порядок рассмотрения индивидуального трудового спора в комиссии по трудовым спорам,ст. 387 ТК РФ
https://rulaws.ru/tk/CHAST-PYATAYA/Razdel-XIII/Glava-60/Statya-388/,Статья 388. Порядок принятия решения комиссией по трудовым спорам и его содержание,ст. 388 ТК РФ
https://rulaws.ru/tk/CHAST-PYATAYA/Razdel-XIII/Glava-60/Statya-389/,Статья 389. Исполнение решений комиссии по трудовым спорам,ст. 389 ТК РФ
https://rulaws.ru/tk/CHAST-PYATAYA/Razdel-XIII/Glava-60/Statya-390/,Статья 390. Обжалование решения комиссии по трудовым спорам и перенесение рассмотрения индивидуального трудового спора в суд,ст. 390 ТК РФ
https://rulaws.ru/tk/CHAST-PYATAYA/Razdel-XIII/Glava-60/Statya-391/,Статья 391. Рассмотрение индивидуальных трудовых споров в судах,ст. 391 ТК РФ
https://rulaws.ru/tk/CHAST-PYATAYA/Razdel-XIII/Glava-60/Statya-392/,Статья 392. Сроки обращения в суд за разрешением индивидуального трудового спора,ст. 392 ТК РФ
https://rulaws.ru/tk/CHAST-PYATAYA/Razdel-XIII/Glava-60/Statya-393/,Статья 393. Освобождение работников от судебных расходов,ст. 393 ТК РФ
https://rulaws.ru/tk/CHAST-PYATAYA/Razdel-XIII/Glava-60/Statya-394/,Статья 394. Вынесение решений по трудовым спорам об увольнении и о переводе на другую работу,ст. 394 ТК РФ
https://rulaws.ru/tk/CHAST-PYATAYA/Razdel-XIII/Glava-60/Statya-395/,Статья 395. Удовлетворение денежных требований работника,ст. 395 ТК РФ
https://rulaws.ru/tk/CHAST-PYATAYA/Razdel-XIII/Glava-60/Statya-396/,Статья 396. Исполнение решений о восстановлении на работе,ст. 396 ТК РФ
https://rulaws.ru/tk/CHAST-PYATAYA/Razdel-XIII/Glava-60/Statya-397/,"Статья 397. Ограничение обратного взыскания сумм, выплаченных по решению органов, рассматривающих индивидуальные трудовые споры",ст. 397 ТК РФ
https://rulaws.ru/tk/CHAST-PYATAYA/Razdel-XIII/Glava-61/Statya-398/,Статья 398. Основные понятия,ст. 398 ТК РФ
https://rulaws.ru/tk/CHAST-PYATAYA/Razdel-XIII/Glava-61/Statya-399/,Статья 399. Выдвижение требований работников и их представителей,ст. 399 ТК РФ
https://rulaws.ru/tk/CHAST-PYATAYA/Razdel-XIII/Glava-61/Statya-400/,"Статья 400. Рассмотрение требований работников, профессиональных союзов и их объединений",ст. 400 ТК РФ
https://rulaws.ru/tk/CHAST-PYATAYA/Razdel-XIII/Glava-61/Statya-401/,Статья 401. Примирительные процедуры,ст. 401 ТК РФ
https://rulaws.ru/tk/CHAST-PYATAYA/Razdel-XIII/Glava-61/Statya-402/,Статья 402. Рассмотрение коллективного трудового спора примирительной комиссией,ст. 402 ТК РФ
https://rulaws.ru/tk/CHAST-PYATAYA/Razdel-XIII/Glava-61/Statya-403/,Статья 403. Рассмотрение коллективного трудового спора с участием посредника,ст. 403 ТК РФ
https://rulaws.ru/tk/CHAST-PYATAYA/Razdel-XIII/Glava-61/Statya-404/,Статья 404. Рассмотрение коллективного трудового спора в трудовом арбитраже,ст. 404 ТК РФ
https://rulaws.ru/tk/CHAST-PYATAYA/Razdel-XIII/Glava-61/Statya-405/,Статья 405. Гарантии в связи с разрешением коллективного трудового спора,ст. 405 ТК РФ
https://rulaws.ru/tk/CHAST-PYATAYA/Razdel-XIII/Glava-61/Statya-406/,Статья 406. Уклонение от участия в примирительных процедурах,ст. 406 ТК РФ
https://rulaws.ru/tk/CHAST-PYATAYA/Razdel-XIII/Glava-61/Statya-407/,Статья 407. Участие государственных органов по урегулированию коллективных трудовых споров в разрешении коллективных трудовых споров,ст. 407 ТК РФ
https://rulaws.ru/tk/CHAST-PYATAYA/Razdel-XIII/Glava-61/Statya-408/,"Статья 408. Соглашения, достигнутые в ходе разрешения коллективного трудового спора",ст. 408 ТК РФ
https://rulaws.ru/tk/CHAST-PYATAYA/Razdel-XIII/Glava-61/Statya-409/,Статья 409. Право на забастовку,ст. 409 ТК РФ
https://rulaws.ru/tk/CHAST-PYATAYA/Razdel-XIII/Glava-61/Statya-410/,Статья 410. Объявление забастовки,ст. 410 ТК РФ
https://rulaws.ru/tk/CHAST-PYATAYA/Razdel-XIII/Glava-61/Statya-411/,"Статья 411. Орган, возглавляющий забастовку",ст. 411 ТК РФ
https://rulaws.ru/tk/CHAST-PYATAYA/Razdel-XIII/Glava-61/Statya-412/,Статья 412. Обязанности сторон коллективного трудового спора в ходе забастовки,ст. 412 ТК РФ
https://rulaws.ru/tk/CHAST-PYATAYA/Razdel-XIII/Glava-61/Statya-413/,Статья 413. Незаконные забастовки,ст. 413 ТК РФ
https://rulaws.ru/tk/CHAST-PYATAYA/Razdel-XIII/Glava-61/Statya-414/,Статья 414. Гарантии и правовое положение работников в связи с проведением забастовки,ст. 414 ТК РФ
https://rulaws.ru/tk/CHAST-PYATAYA/Razdel-XIII/Glava-61/Statya-415/,Статья 415. Запрещение локаута,ст. 415 ТК РФ
https://rulaws.ru/tk/CHAST-PYATAYA/Razdel-XIII/Glava-61/Statya-416/,"Статья 416. Ответственность за уклонение от участия в примирительных процедурах, невыполнение соглашения, достигнутого в результате примирительной процедуры, неисполнение либо отказ от исполнения решения трудового арбитража",ст. 416 ТК РФ
https://rulaws.ru/tk/CHAST-PYATAYA/Razdel-XIII/Glava-61/Statya-417/,Статья 417. Ответственность работников за незаконные забастовки,ст. 417 ТК РФ
https://rulaws.ru/tk/CHAST-PYATAYA/Razdel-XIII/Glava-61/Statya-418/,Статья 418. Ведение документации при рассмотрении и разрешении коллективного трудового спора,ст. 418 ТК РФ
https://rulaws.ru/tk/CHAST-PYATAYA/Razdel-XIII/Glava-62/Statya-419/,"Статья 419. Виды ответственности за нарушение трудового законодательства и иных актов, содержащих нормы трудового права",ст. 419 ТК РФ
https://rulaws.ru/tk/CHAST-SHESTAYA/Razdel-XIV/,Раздел XIV. ЗАКЛЮЧИТЕЛЬНЫЕ ПОЛОЖЕНИЯ,
https://rulaws.ru/tk/CHAST-SHESTAYA/Razdel-XIV/Statya-420/,Статья 420. Сроки введения в действие настоящего Кодекса,ст. 420 ТК РФ
https://rulaws.ru/tk/CHAST-SHESTAYA/Razdel-XIV/Statya-421/,"Статья 421. Порядок и сроки введения минимального размера оплаты труда, предусмотренного частью первой статьи 133 настоящего Кодекса",ст. 421 ТК РФ
https://rulaws.ru/tk/CHAST-SHESTAYA/Razdel-XIV/Statya-422/,Статья 422. Признание утратившими силу отдельных законодательных актов,ст. 422 ТК РФ
https://rulaws.ru/tk/CHAST-SHESTAYA/Razdel-XIV/Statya-423/,Статья 423. Применение законов и иных нормативных правовых актов,ст. 423 ТК РФ
https://rulaws.ru/tk/CHAST-SHESTAYA/Razdel-XIV/Statya-424/,"Статья 424. Применение настоящего Кодекса к правоотношениям, возникшим до и после введения его в действие",ст. 424 ТК РФ
